--
-- PostgreSQL database dump
--

-- Dumped from database version 14.7 (Homebrew)
-- Dumped by pg_dump version 14.7 (Homebrew)

SET statement_timeout = 0;
SET lock_timeout = 0;
SET idle_in_transaction_session_timeout = 0;
SET client_encoding = 'UTF8';
SET standard_conforming_strings = on;
SELECT pg_catalog.set_config('search_path', '', false);
SET check_function_bodies = false;
SET xmloption = content;
SET client_min_messages = warning;
SET row_security = off;

SET default_tablespace = '';

SET default_table_access_method = heap;

--
-- Name: admin_permissions; Type: TABLE; Schema: public; Owner: codeteam
--

CREATE TABLE public.admin_permissions (
    id integer NOT NULL,
    action character varying(255),
    subject character varying(255),
    properties jsonb,
    conditions jsonb,
    created_at timestamp(6) without time zone,
    updated_at timestamp(6) without time zone,
    created_by_id integer,
    updated_by_id integer
);


ALTER TABLE public.admin_permissions OWNER TO codeteam;

--
-- Name: admin_permissions_id_seq; Type: SEQUENCE; Schema: public; Owner: codeteam
--

CREATE SEQUENCE public.admin_permissions_id_seq
    AS integer
    START WITH 1
    INCREMENT BY 1
    NO MINVALUE
    NO MAXVALUE
    CACHE 1;


ALTER TABLE public.admin_permissions_id_seq OWNER TO codeteam;

--
-- Name: admin_permissions_id_seq; Type: SEQUENCE OWNED BY; Schema: public; Owner: codeteam
--

ALTER SEQUENCE public.admin_permissions_id_seq OWNED BY public.admin_permissions.id;


--
-- Name: admin_permissions_role_links; Type: TABLE; Schema: public; Owner: codeteam
--

CREATE TABLE public.admin_permissions_role_links (
    id integer NOT NULL,
    permission_id integer,
    role_id integer,
    permission_order double precision
);


ALTER TABLE public.admin_permissions_role_links OWNER TO codeteam;

--
-- Name: admin_permissions_role_links_id_seq; Type: SEQUENCE; Schema: public; Owner: codeteam
--

CREATE SEQUENCE public.admin_permissions_role_links_id_seq
    AS integer
    START WITH 1
    INCREMENT BY 1
    NO MINVALUE
    NO MAXVALUE
    CACHE 1;


ALTER TABLE public.admin_permissions_role_links_id_seq OWNER TO codeteam;

--
-- Name: admin_permissions_role_links_id_seq; Type: SEQUENCE OWNED BY; Schema: public; Owner: codeteam
--

ALTER SEQUENCE public.admin_permissions_role_links_id_seq OWNED BY public.admin_permissions_role_links.id;


--
-- Name: admin_roles; Type: TABLE; Schema: public; Owner: codeteam
--

CREATE TABLE public.admin_roles (
    id integer NOT NULL,
    name character varying(255),
    code character varying(255),
    description character varying(255),
    created_at timestamp(6) without time zone,
    updated_at timestamp(6) without time zone,
    created_by_id integer,
    updated_by_id integer
);


ALTER TABLE public.admin_roles OWNER TO codeteam;

--
-- Name: admin_roles_id_seq; Type: SEQUENCE; Schema: public; Owner: codeteam
--

CREATE SEQUENCE public.admin_roles_id_seq
    AS integer
    START WITH 1
    INCREMENT BY 1
    NO MINVALUE
    NO MAXVALUE
    CACHE 1;


ALTER TABLE public.admin_roles_id_seq OWNER TO codeteam;

--
-- Name: admin_roles_id_seq; Type: SEQUENCE OWNED BY; Schema: public; Owner: codeteam
--

ALTER SEQUENCE public.admin_roles_id_seq OWNED BY public.admin_roles.id;


--
-- Name: admin_users; Type: TABLE; Schema: public; Owner: codeteam
--

CREATE TABLE public.admin_users (
    id integer NOT NULL,
    firstname character varying(255),
    lastname character varying(255),
    username character varying(255),
    email character varying(255),
    password character varying(255),
    reset_password_token character varying(255),
    registration_token character varying(255),
    is_active boolean,
    blocked boolean,
    prefered_language character varying(255),
    created_at timestamp(6) without time zone,
    updated_at timestamp(6) without time zone,
    created_by_id integer,
    updated_by_id integer
);


ALTER TABLE public.admin_users OWNER TO codeteam;

--
-- Name: admin_users_id_seq; Type: SEQUENCE; Schema: public; Owner: codeteam
--

CREATE SEQUENCE public.admin_users_id_seq
    AS integer
    START WITH 1
    INCREMENT BY 1
    NO MINVALUE
    NO MAXVALUE
    CACHE 1;


ALTER TABLE public.admin_users_id_seq OWNER TO codeteam;

--
-- Name: admin_users_id_seq; Type: SEQUENCE OWNED BY; Schema: public; Owner: codeteam
--

ALTER SEQUENCE public.admin_users_id_seq OWNED BY public.admin_users.id;


--
-- Name: admin_users_roles_links; Type: TABLE; Schema: public; Owner: codeteam
--

CREATE TABLE public.admin_users_roles_links (
    id integer NOT NULL,
    user_id integer,
    role_id integer,
    role_order double precision,
    user_order double precision
);


ALTER TABLE public.admin_users_roles_links OWNER TO codeteam;

--
-- Name: admin_users_roles_links_id_seq; Type: SEQUENCE; Schema: public; Owner: codeteam
--

CREATE SEQUENCE public.admin_users_roles_links_id_seq
    AS integer
    START WITH 1
    INCREMENT BY 1
    NO MINVALUE
    NO MAXVALUE
    CACHE 1;


ALTER TABLE public.admin_users_roles_links_id_seq OWNER TO codeteam;

--
-- Name: admin_users_roles_links_id_seq; Type: SEQUENCE OWNED BY; Schema: public; Owner: codeteam
--

ALTER SEQUENCE public.admin_users_roles_links_id_seq OWNED BY public.admin_users_roles_links.id;


--
-- Name: commodities; Type: TABLE; Schema: public; Owner: ttskanyan
--

CREATE TABLE public.commodities (
    id integer NOT NULL,
    name character varying(255),
    description text,
    price integer,
    created_at timestamp(6) without time zone,
    updated_at timestamp(6) without time zone,
    published_at timestamp(6) without time zone,
    created_by_id integer,
    updated_by_id integer,
    locale character varying(255)
);


ALTER TABLE public.commodities OWNER TO ttskanyan;

--
-- Name: commodities_id_seq; Type: SEQUENCE; Schema: public; Owner: ttskanyan
--

CREATE SEQUENCE public.commodities_id_seq
    AS integer
    START WITH 1
    INCREMENT BY 1
    NO MINVALUE
    NO MAXVALUE
    CACHE 1;


ALTER TABLE public.commodities_id_seq OWNER TO ttskanyan;

--
-- Name: commodities_id_seq; Type: SEQUENCE OWNED BY; Schema: public; Owner: ttskanyan
--

ALTER SEQUENCE public.commodities_id_seq OWNED BY public.commodities.id;


--
-- Name: commodities_localizations_links; Type: TABLE; Schema: public; Owner: ttskanyan
--

CREATE TABLE public.commodities_localizations_links (
    id integer NOT NULL,
    commodity_id integer,
    inv_commodity_id integer,
    commodity_order double precision
);


ALTER TABLE public.commodities_localizations_links OWNER TO ttskanyan;

--
-- Name: commodities_localizations_links_id_seq; Type: SEQUENCE; Schema: public; Owner: ttskanyan
--

CREATE SEQUENCE public.commodities_localizations_links_id_seq
    AS integer
    START WITH 1
    INCREMENT BY 1
    NO MINVALUE
    NO MAXVALUE
    CACHE 1;


ALTER TABLE public.commodities_localizations_links_id_seq OWNER TO ttskanyan;

--
-- Name: commodities_localizations_links_id_seq; Type: SEQUENCE OWNED BY; Schema: public; Owner: ttskanyan
--

ALTER SEQUENCE public.commodities_localizations_links_id_seq OWNED BY public.commodities_localizations_links.id;


--
-- Name: components_block_block_text_images; Type: TABLE; Schema: public; Owner: codeteam
--

CREATE TABLE public.components_block_block_text_images (
    id integer NOT NULL,
    title character varying(255),
    description text
);


ALTER TABLE public.components_block_block_text_images OWNER TO codeteam;

--
-- Name: components_block_block_text_images_id_seq; Type: SEQUENCE; Schema: public; Owner: codeteam
--

CREATE SEQUENCE public.components_block_block_text_images_id_seq
    AS integer
    START WITH 1
    INCREMENT BY 1
    NO MINVALUE
    NO MAXVALUE
    CACHE 1;


ALTER TABLE public.components_block_block_text_images_id_seq OWNER TO codeteam;

--
-- Name: components_block_block_text_images_id_seq; Type: SEQUENCE OWNED BY; Schema: public; Owner: codeteam
--

ALTER SEQUENCE public.components_block_block_text_images_id_seq OWNED BY public.components_block_block_text_images.id;


--
-- Name: components_block_block_with_text_onlies; Type: TABLE; Schema: public; Owner: ttskanyan
--

CREATE TABLE public.components_block_block_with_text_onlies (
    id integer NOT NULL,
    title character varying(255),
    description text
);


ALTER TABLE public.components_block_block_with_text_onlies OWNER TO ttskanyan;

--
-- Name: components_block_block_with_text_onlies_id_seq; Type: SEQUENCE; Schema: public; Owner: ttskanyan
--

CREATE SEQUENCE public.components_block_block_with_text_onlies_id_seq
    AS integer
    START WITH 1
    INCREMENT BY 1
    NO MINVALUE
    NO MAXVALUE
    CACHE 1;


ALTER TABLE public.components_block_block_with_text_onlies_id_seq OWNER TO ttskanyan;

--
-- Name: components_block_block_with_text_onlies_id_seq; Type: SEQUENCE OWNED BY; Schema: public; Owner: ttskanyan
--

ALTER SEQUENCE public.components_block_block_with_text_onlies_id_seq OWNED BY public.components_block_block_with_text_onlies.id;


--
-- Name: components_seo_metas; Type: TABLE; Schema: public; Owner: codeteam
--

CREATE TABLE public.components_seo_metas (
    id integer NOT NULL,
    name character varying(255),
    content text
);


ALTER TABLE public.components_seo_metas OWNER TO codeteam;

--
-- Name: components_seo_metas_id_seq; Type: SEQUENCE; Schema: public; Owner: codeteam
--

CREATE SEQUENCE public.components_seo_metas_id_seq
    AS integer
    START WITH 1
    INCREMENT BY 1
    NO MINVALUE
    NO MAXVALUE
    CACHE 1;


ALTER TABLE public.components_seo_metas_id_seq OWNER TO codeteam;

--
-- Name: components_seo_metas_id_seq; Type: SEQUENCE OWNED BY; Schema: public; Owner: codeteam
--

ALTER SEQUENCE public.components_seo_metas_id_seq OWNED BY public.components_seo_metas.id;


--
-- Name: components_seo_seos; Type: TABLE; Schema: public; Owner: codeteam
--

CREATE TABLE public.components_seo_seos (
    id integer NOT NULL,
    title character varying(255)
);


ALTER TABLE public.components_seo_seos OWNER TO codeteam;

--
-- Name: components_seo_seos_components; Type: TABLE; Schema: public; Owner: codeteam
--

CREATE TABLE public.components_seo_seos_components (
    id integer NOT NULL,
    entity_id integer,
    component_id integer,
    component_type character varying(255),
    field character varying(255),
    "order" double precision
);


ALTER TABLE public.components_seo_seos_components OWNER TO codeteam;

--
-- Name: components_seo_seos_components_id_seq; Type: SEQUENCE; Schema: public; Owner: codeteam
--

CREATE SEQUENCE public.components_seo_seos_components_id_seq
    AS integer
    START WITH 1
    INCREMENT BY 1
    NO MINVALUE
    NO MAXVALUE
    CACHE 1;


ALTER TABLE public.components_seo_seos_components_id_seq OWNER TO codeteam;

--
-- Name: components_seo_seos_components_id_seq; Type: SEQUENCE OWNED BY; Schema: public; Owner: codeteam
--

ALTER SEQUENCE public.components_seo_seos_components_id_seq OWNED BY public.components_seo_seos_components.id;


--
-- Name: components_seo_seos_id_seq; Type: SEQUENCE; Schema: public; Owner: codeteam
--

CREATE SEQUENCE public.components_seo_seos_id_seq
    AS integer
    START WITH 1
    INCREMENT BY 1
    NO MINVALUE
    NO MAXVALUE
    CACHE 1;


ALTER TABLE public.components_seo_seos_id_seq OWNER TO codeteam;

--
-- Name: components_seo_seos_id_seq; Type: SEQUENCE OWNED BY; Schema: public; Owner: codeteam
--

ALTER SEQUENCE public.components_seo_seos_id_seq OWNED BY public.components_seo_seos.id;


--
-- Name: components_socials_social_networks; Type: TABLE; Schema: public; Owner: codeteam
--

CREATE TABLE public.components_socials_social_networks (
    id integer NOT NULL,
    name character varying(255),
    link character varying(255),
    title character varying(255)
);


ALTER TABLE public.components_socials_social_networks OWNER TO codeteam;

--
-- Name: components_socials_social_networks_id_seq; Type: SEQUENCE; Schema: public; Owner: codeteam
--

CREATE SEQUENCE public.components_socials_social_networks_id_seq
    AS integer
    START WITH 1
    INCREMENT BY 1
    NO MINVALUE
    NO MAXVALUE
    CACHE 1;


ALTER TABLE public.components_socials_social_networks_id_seq OWNER TO codeteam;

--
-- Name: components_socials_social_networks_id_seq; Type: SEQUENCE OWNED BY; Schema: public; Owner: codeteam
--

ALTER SEQUENCE public.components_socials_social_networks_id_seq OWNED BY public.components_socials_social_networks.id;


--
-- Name: components_socials_working_times; Type: TABLE; Schema: public; Owner: codeteam
--

CREATE TABLE public.components_socials_working_times (
    id integer NOT NULL,
    day character varying(255),
    "time" character varying(255)
);


ALTER TABLE public.components_socials_working_times OWNER TO codeteam;

--
-- Name: components_socials_working_times_id_seq; Type: SEQUENCE; Schema: public; Owner: codeteam
--

CREATE SEQUENCE public.components_socials_working_times_id_seq
    AS integer
    START WITH 1
    INCREMENT BY 1
    NO MINVALUE
    NO MAXVALUE
    CACHE 1;


ALTER TABLE public.components_socials_working_times_id_seq OWNER TO codeteam;

--
-- Name: components_socials_working_times_id_seq; Type: SEQUENCE OWNED BY; Schema: public; Owner: codeteam
--

ALTER SEQUENCE public.components_socials_working_times_id_seq OWNED BY public.components_socials_working_times.id;


--
-- Name: files; Type: TABLE; Schema: public; Owner: codeteam
--

CREATE TABLE public.files (
    id integer NOT NULL,
    name character varying(255),
    alternative_text character varying(255),
    caption character varying(255),
    width integer,
    height integer,
    formats jsonb,
    hash character varying(255),
    ext character varying(255),
    mime character varying(255),
    size numeric(10,2),
    url character varying(255),
    preview_url character varying(255),
    provider character varying(255),
    provider_metadata jsonb,
    folder_path character varying(255),
    created_at timestamp(6) without time zone,
    updated_at timestamp(6) without time zone,
    created_by_id integer,
    updated_by_id integer
);


ALTER TABLE public.files OWNER TO codeteam;

--
-- Name: files_folder_links; Type: TABLE; Schema: public; Owner: codeteam
--

CREATE TABLE public.files_folder_links (
    id integer NOT NULL,
    file_id integer,
    folder_id integer,
    file_order double precision
);


ALTER TABLE public.files_folder_links OWNER TO codeteam;

--
-- Name: files_folder_links_id_seq; Type: SEQUENCE; Schema: public; Owner: codeteam
--

CREATE SEQUENCE public.files_folder_links_id_seq
    AS integer
    START WITH 1
    INCREMENT BY 1
    NO MINVALUE
    NO MAXVALUE
    CACHE 1;


ALTER TABLE public.files_folder_links_id_seq OWNER TO codeteam;

--
-- Name: files_folder_links_id_seq; Type: SEQUENCE OWNED BY; Schema: public; Owner: codeteam
--

ALTER SEQUENCE public.files_folder_links_id_seq OWNED BY public.files_folder_links.id;


--
-- Name: files_id_seq; Type: SEQUENCE; Schema: public; Owner: codeteam
--

CREATE SEQUENCE public.files_id_seq
    AS integer
    START WITH 1
    INCREMENT BY 1
    NO MINVALUE
    NO MAXVALUE
    CACHE 1;


ALTER TABLE public.files_id_seq OWNER TO codeteam;

--
-- Name: files_id_seq; Type: SEQUENCE OWNED BY; Schema: public; Owner: codeteam
--

ALTER SEQUENCE public.files_id_seq OWNED BY public.files.id;


--
-- Name: files_related_morphs; Type: TABLE; Schema: public; Owner: codeteam
--

CREATE TABLE public.files_related_morphs (
    id integer NOT NULL,
    file_id integer,
    related_id integer,
    related_type character varying(255),
    field character varying(255),
    "order" double precision
);


ALTER TABLE public.files_related_morphs OWNER TO codeteam;

--
-- Name: files_related_morphs_id_seq; Type: SEQUENCE; Schema: public; Owner: codeteam
--

CREATE SEQUENCE public.files_related_morphs_id_seq
    AS integer
    START WITH 1
    INCREMENT BY 1
    NO MINVALUE
    NO MAXVALUE
    CACHE 1;


ALTER TABLE public.files_related_morphs_id_seq OWNER TO codeteam;

--
-- Name: files_related_morphs_id_seq; Type: SEQUENCE OWNED BY; Schema: public; Owner: codeteam
--

ALTER SEQUENCE public.files_related_morphs_id_seq OWNED BY public.files_related_morphs.id;


--
-- Name: i18n_locale; Type: TABLE; Schema: public; Owner: codeteam
--

CREATE TABLE public.i18n_locale (
    id integer NOT NULL,
    name character varying(255),
    code character varying(255),
    created_at timestamp(6) without time zone,
    updated_at timestamp(6) without time zone,
    created_by_id integer,
    updated_by_id integer
);


ALTER TABLE public.i18n_locale OWNER TO codeteam;

--
-- Name: i18n_locale_id_seq; Type: SEQUENCE; Schema: public; Owner: codeteam
--

CREATE SEQUENCE public.i18n_locale_id_seq
    AS integer
    START WITH 1
    INCREMENT BY 1
    NO MINVALUE
    NO MAXVALUE
    CACHE 1;


ALTER TABLE public.i18n_locale_id_seq OWNER TO codeteam;

--
-- Name: i18n_locale_id_seq; Type: SEQUENCE OWNED BY; Schema: public; Owner: codeteam
--

ALTER SEQUENCE public.i18n_locale_id_seq OWNED BY public.i18n_locale.id;


--
-- Name: mains; Type: TABLE; Schema: public; Owner: codeteam
--

CREATE TABLE public.mains (
    id integer NOT NULL,
    created_at timestamp(6) without time zone,
    updated_at timestamp(6) without time zone,
    created_by_id integer,
    updated_by_id integer,
    locale character varying(255)
);


ALTER TABLE public.mains OWNER TO codeteam;

--
-- Name: mains_components; Type: TABLE; Schema: public; Owner: codeteam
--

CREATE TABLE public.mains_components (
    id integer NOT NULL,
    entity_id integer,
    component_id integer,
    component_type character varying(255),
    field character varying(255),
    "order" double precision
);


ALTER TABLE public.mains_components OWNER TO codeteam;

--
-- Name: mains_components_id_seq; Type: SEQUENCE; Schema: public; Owner: codeteam
--

CREATE SEQUENCE public.mains_components_id_seq
    AS integer
    START WITH 1
    INCREMENT BY 1
    NO MINVALUE
    NO MAXVALUE
    CACHE 1;


ALTER TABLE public.mains_components_id_seq OWNER TO codeteam;

--
-- Name: mains_components_id_seq; Type: SEQUENCE OWNED BY; Schema: public; Owner: codeteam
--

ALTER SEQUENCE public.mains_components_id_seq OWNED BY public.mains_components.id;


--
-- Name: mains_id_seq; Type: SEQUENCE; Schema: public; Owner: codeteam
--

CREATE SEQUENCE public.mains_id_seq
    AS integer
    START WITH 1
    INCREMENT BY 1
    NO MINVALUE
    NO MAXVALUE
    CACHE 1;


ALTER TABLE public.mains_id_seq OWNER TO codeteam;

--
-- Name: mains_id_seq; Type: SEQUENCE OWNED BY; Schema: public; Owner: codeteam
--

ALTER SEQUENCE public.mains_id_seq OWNED BY public.mains.id;


--
-- Name: mains_localizations_links; Type: TABLE; Schema: public; Owner: codeteam
--

CREATE TABLE public.mains_localizations_links (
    id integer NOT NULL,
    main_id integer,
    inv_main_id integer,
    main_order double precision
);


ALTER TABLE public.mains_localizations_links OWNER TO codeteam;

--
-- Name: mains_localizations_links_id_seq; Type: SEQUENCE; Schema: public; Owner: codeteam
--

CREATE SEQUENCE public.mains_localizations_links_id_seq
    AS integer
    START WITH 1
    INCREMENT BY 1
    NO MINVALUE
    NO MAXVALUE
    CACHE 1;


ALTER TABLE public.mains_localizations_links_id_seq OWNER TO codeteam;

--
-- Name: mains_localizations_links_id_seq; Type: SEQUENCE OWNED BY; Schema: public; Owner: codeteam
--

ALTER SEQUENCE public.mains_localizations_links_id_seq OWNED BY public.mains_localizations_links.id;


--
-- Name: products; Type: TABLE; Schema: public; Owner: ttskanyan
--

CREATE TABLE public.products (
    id integer NOT NULL,
    created_at timestamp(6) without time zone,
    updated_at timestamp(6) without time zone,
    published_at timestamp(6) without time zone,
    created_by_id integer,
    updated_by_id integer,
    locale character varying(255)
);


ALTER TABLE public.products OWNER TO ttskanyan;

--
-- Name: products_components; Type: TABLE; Schema: public; Owner: ttskanyan
--

CREATE TABLE public.products_components (
    id integer NOT NULL,
    entity_id integer,
    component_id integer,
    component_type character varying(255),
    field character varying(255),
    "order" double precision
);


ALTER TABLE public.products_components OWNER TO ttskanyan;

--
-- Name: products_components_id_seq; Type: SEQUENCE; Schema: public; Owner: ttskanyan
--

CREATE SEQUENCE public.products_components_id_seq
    AS integer
    START WITH 1
    INCREMENT BY 1
    NO MINVALUE
    NO MAXVALUE
    CACHE 1;


ALTER TABLE public.products_components_id_seq OWNER TO ttskanyan;

--
-- Name: products_components_id_seq; Type: SEQUENCE OWNED BY; Schema: public; Owner: ttskanyan
--

ALTER SEQUENCE public.products_components_id_seq OWNED BY public.products_components.id;


--
-- Name: products_id_seq; Type: SEQUENCE; Schema: public; Owner: ttskanyan
--

CREATE SEQUENCE public.products_id_seq
    AS integer
    START WITH 1
    INCREMENT BY 1
    NO MINVALUE
    NO MAXVALUE
    CACHE 1;


ALTER TABLE public.products_id_seq OWNER TO ttskanyan;

--
-- Name: products_id_seq; Type: SEQUENCE OWNED BY; Schema: public; Owner: ttskanyan
--

ALTER SEQUENCE public.products_id_seq OWNED BY public.products.id;


--
-- Name: products_localizations_links; Type: TABLE; Schema: public; Owner: ttskanyan
--

CREATE TABLE public.products_localizations_links (
    id integer NOT NULL,
    product_id integer,
    inv_product_id integer,
    product_order double precision
);


ALTER TABLE public.products_localizations_links OWNER TO ttskanyan;

--
-- Name: products_localizations_links_id_seq; Type: SEQUENCE; Schema: public; Owner: ttskanyan
--

CREATE SEQUENCE public.products_localizations_links_id_seq
    AS integer
    START WITH 1
    INCREMENT BY 1
    NO MINVALUE
    NO MAXVALUE
    CACHE 1;


ALTER TABLE public.products_localizations_links_id_seq OWNER TO ttskanyan;

--
-- Name: products_localizations_links_id_seq; Type: SEQUENCE OWNED BY; Schema: public; Owner: ttskanyan
--

ALTER SEQUENCE public.products_localizations_links_id_seq OWNED BY public.products_localizations_links.id;


--
-- Name: socials; Type: TABLE; Schema: public; Owner: codeteam
--

CREATE TABLE public.socials (
    id integer NOT NULL,
    created_at timestamp(6) without time zone,
    updated_at timestamp(6) without time zone,
    published_at timestamp(6) without time zone,
    created_by_id integer,
    updated_by_id integer,
    email character varying(255),
    phone character varying(255)
);


ALTER TABLE public.socials OWNER TO codeteam;

--
-- Name: socials_components; Type: TABLE; Schema: public; Owner: codeteam
--

CREATE TABLE public.socials_components (
    id integer NOT NULL,
    entity_id integer,
    component_id integer,
    component_type character varying(255),
    field character varying(255),
    "order" double precision
);


ALTER TABLE public.socials_components OWNER TO codeteam;

--
-- Name: socials_components_id_seq; Type: SEQUENCE; Schema: public; Owner: codeteam
--

CREATE SEQUENCE public.socials_components_id_seq
    AS integer
    START WITH 1
    INCREMENT BY 1
    NO MINVALUE
    NO MAXVALUE
    CACHE 1;


ALTER TABLE public.socials_components_id_seq OWNER TO codeteam;

--
-- Name: socials_components_id_seq; Type: SEQUENCE OWNED BY; Schema: public; Owner: codeteam
--

ALTER SEQUENCE public.socials_components_id_seq OWNED BY public.socials_components.id;


--
-- Name: socials_id_seq; Type: SEQUENCE; Schema: public; Owner: codeteam
--

CREATE SEQUENCE public.socials_id_seq
    AS integer
    START WITH 1
    INCREMENT BY 1
    NO MINVALUE
    NO MAXVALUE
    CACHE 1;


ALTER TABLE public.socials_id_seq OWNER TO codeteam;

--
-- Name: socials_id_seq; Type: SEQUENCE OWNED BY; Schema: public; Owner: codeteam
--

ALTER SEQUENCE public.socials_id_seq OWNED BY public.socials.id;


--
-- Name: strapi_api_token_permissions; Type: TABLE; Schema: public; Owner: codeteam
--

CREATE TABLE public.strapi_api_token_permissions (
    id integer NOT NULL,
    action character varying(255),
    created_at timestamp(6) without time zone,
    updated_at timestamp(6) without time zone,
    created_by_id integer,
    updated_by_id integer
);


ALTER TABLE public.strapi_api_token_permissions OWNER TO codeteam;

--
-- Name: strapi_api_token_permissions_id_seq; Type: SEQUENCE; Schema: public; Owner: codeteam
--

CREATE SEQUENCE public.strapi_api_token_permissions_id_seq
    AS integer
    START WITH 1
    INCREMENT BY 1
    NO MINVALUE
    NO MAXVALUE
    CACHE 1;


ALTER TABLE public.strapi_api_token_permissions_id_seq OWNER TO codeteam;

--
-- Name: strapi_api_token_permissions_id_seq; Type: SEQUENCE OWNED BY; Schema: public; Owner: codeteam
--

ALTER SEQUENCE public.strapi_api_token_permissions_id_seq OWNED BY public.strapi_api_token_permissions.id;


--
-- Name: strapi_api_token_permissions_token_links; Type: TABLE; Schema: public; Owner: codeteam
--

CREATE TABLE public.strapi_api_token_permissions_token_links (
    id integer NOT NULL,
    api_token_permission_id integer,
    api_token_id integer,
    api_token_permission_order double precision
);


ALTER TABLE public.strapi_api_token_permissions_token_links OWNER TO codeteam;

--
-- Name: strapi_api_token_permissions_token_links_id_seq; Type: SEQUENCE; Schema: public; Owner: codeteam
--

CREATE SEQUENCE public.strapi_api_token_permissions_token_links_id_seq
    AS integer
    START WITH 1
    INCREMENT BY 1
    NO MINVALUE
    NO MAXVALUE
    CACHE 1;


ALTER TABLE public.strapi_api_token_permissions_token_links_id_seq OWNER TO codeteam;

--
-- Name: strapi_api_token_permissions_token_links_id_seq; Type: SEQUENCE OWNED BY; Schema: public; Owner: codeteam
--

ALTER SEQUENCE public.strapi_api_token_permissions_token_links_id_seq OWNED BY public.strapi_api_token_permissions_token_links.id;


--
-- Name: strapi_api_tokens; Type: TABLE; Schema: public; Owner: codeteam
--

CREATE TABLE public.strapi_api_tokens (
    id integer NOT NULL,
    name character varying(255),
    description character varying(255),
    type character varying(255),
    access_key character varying(255),
    last_used_at timestamp(6) without time zone,
    expires_at timestamp(6) without time zone,
    lifespan bigint,
    created_at timestamp(6) without time zone,
    updated_at timestamp(6) without time zone,
    created_by_id integer,
    updated_by_id integer
);


ALTER TABLE public.strapi_api_tokens OWNER TO codeteam;

--
-- Name: strapi_api_tokens_id_seq; Type: SEQUENCE; Schema: public; Owner: codeteam
--

CREATE SEQUENCE public.strapi_api_tokens_id_seq
    AS integer
    START WITH 1
    INCREMENT BY 1
    NO MINVALUE
    NO MAXVALUE
    CACHE 1;


ALTER TABLE public.strapi_api_tokens_id_seq OWNER TO codeteam;

--
-- Name: strapi_api_tokens_id_seq; Type: SEQUENCE OWNED BY; Schema: public; Owner: codeteam
--

ALTER SEQUENCE public.strapi_api_tokens_id_seq OWNED BY public.strapi_api_tokens.id;


--
-- Name: strapi_core_store_settings; Type: TABLE; Schema: public; Owner: codeteam
--

CREATE TABLE public.strapi_core_store_settings (
    id integer NOT NULL,
    key character varying(255),
    value text,
    type character varying(255),
    environment character varying(255),
    tag character varying(255)
);


ALTER TABLE public.strapi_core_store_settings OWNER TO codeteam;

--
-- Name: strapi_core_store_settings_id_seq; Type: SEQUENCE; Schema: public; Owner: codeteam
--

CREATE SEQUENCE public.strapi_core_store_settings_id_seq
    AS integer
    START WITH 1
    INCREMENT BY 1
    NO MINVALUE
    NO MAXVALUE
    CACHE 1;


ALTER TABLE public.strapi_core_store_settings_id_seq OWNER TO codeteam;

--
-- Name: strapi_core_store_settings_id_seq; Type: SEQUENCE OWNED BY; Schema: public; Owner: codeteam
--

ALTER SEQUENCE public.strapi_core_store_settings_id_seq OWNED BY public.strapi_core_store_settings.id;


--
-- Name: strapi_database_schema; Type: TABLE; Schema: public; Owner: codeteam
--

CREATE TABLE public.strapi_database_schema (
    id integer NOT NULL,
    schema json,
    "time" timestamp without time zone,
    hash character varying(255)
);


ALTER TABLE public.strapi_database_schema OWNER TO codeteam;

--
-- Name: strapi_database_schema_id_seq; Type: SEQUENCE; Schema: public; Owner: codeteam
--

CREATE SEQUENCE public.strapi_database_schema_id_seq
    AS integer
    START WITH 1
    INCREMENT BY 1
    NO MINVALUE
    NO MAXVALUE
    CACHE 1;


ALTER TABLE public.strapi_database_schema_id_seq OWNER TO codeteam;

--
-- Name: strapi_database_schema_id_seq; Type: SEQUENCE OWNED BY; Schema: public; Owner: codeteam
--

ALTER SEQUENCE public.strapi_database_schema_id_seq OWNED BY public.strapi_database_schema.id;


--
-- Name: strapi_migrations; Type: TABLE; Schema: public; Owner: codeteam
--

CREATE TABLE public.strapi_migrations (
    id integer NOT NULL,
    name character varying(255),
    "time" timestamp without time zone
);


ALTER TABLE public.strapi_migrations OWNER TO codeteam;

--
-- Name: strapi_migrations_id_seq; Type: SEQUENCE; Schema: public; Owner: codeteam
--

CREATE SEQUENCE public.strapi_migrations_id_seq
    AS integer
    START WITH 1
    INCREMENT BY 1
    NO MINVALUE
    NO MAXVALUE
    CACHE 1;


ALTER TABLE public.strapi_migrations_id_seq OWNER TO codeteam;

--
-- Name: strapi_migrations_id_seq; Type: SEQUENCE OWNED BY; Schema: public; Owner: codeteam
--

ALTER SEQUENCE public.strapi_migrations_id_seq OWNED BY public.strapi_migrations.id;


--
-- Name: strapi_transfer_token_permissions; Type: TABLE; Schema: public; Owner: codeteam
--

CREATE TABLE public.strapi_transfer_token_permissions (
    id integer NOT NULL,
    action character varying(255),
    created_at timestamp(6) without time zone,
    updated_at timestamp(6) without time zone,
    created_by_id integer,
    updated_by_id integer
);


ALTER TABLE public.strapi_transfer_token_permissions OWNER TO codeteam;

--
-- Name: strapi_transfer_token_permissions_id_seq; Type: SEQUENCE; Schema: public; Owner: codeteam
--

CREATE SEQUENCE public.strapi_transfer_token_permissions_id_seq
    AS integer
    START WITH 1
    INCREMENT BY 1
    NO MINVALUE
    NO MAXVALUE
    CACHE 1;


ALTER TABLE public.strapi_transfer_token_permissions_id_seq OWNER TO codeteam;

--
-- Name: strapi_transfer_token_permissions_id_seq; Type: SEQUENCE OWNED BY; Schema: public; Owner: codeteam
--

ALTER SEQUENCE public.strapi_transfer_token_permissions_id_seq OWNED BY public.strapi_transfer_token_permissions.id;


--
-- Name: strapi_transfer_token_permissions_token_links; Type: TABLE; Schema: public; Owner: codeteam
--

CREATE TABLE public.strapi_transfer_token_permissions_token_links (
    id integer NOT NULL,
    transfer_token_permission_id integer,
    transfer_token_id integer,
    transfer_token_permission_order double precision
);


ALTER TABLE public.strapi_transfer_token_permissions_token_links OWNER TO codeteam;

--
-- Name: strapi_transfer_token_permissions_token_links_id_seq; Type: SEQUENCE; Schema: public; Owner: codeteam
--

CREATE SEQUENCE public.strapi_transfer_token_permissions_token_links_id_seq
    AS integer
    START WITH 1
    INCREMENT BY 1
    NO MINVALUE
    NO MAXVALUE
    CACHE 1;


ALTER TABLE public.strapi_transfer_token_permissions_token_links_id_seq OWNER TO codeteam;

--
-- Name: strapi_transfer_token_permissions_token_links_id_seq; Type: SEQUENCE OWNED BY; Schema: public; Owner: codeteam
--

ALTER SEQUENCE public.strapi_transfer_token_permissions_token_links_id_seq OWNED BY public.strapi_transfer_token_permissions_token_links.id;


--
-- Name: strapi_transfer_tokens; Type: TABLE; Schema: public; Owner: codeteam
--

CREATE TABLE public.strapi_transfer_tokens (
    id integer NOT NULL,
    name character varying(255),
    description character varying(255),
    access_key character varying(255),
    last_used_at timestamp(6) without time zone,
    expires_at timestamp(6) without time zone,
    lifespan bigint,
    created_at timestamp(6) without time zone,
    updated_at timestamp(6) without time zone,
    created_by_id integer,
    updated_by_id integer
);


ALTER TABLE public.strapi_transfer_tokens OWNER TO codeteam;

--
-- Name: strapi_transfer_tokens_id_seq; Type: SEQUENCE; Schema: public; Owner: codeteam
--

CREATE SEQUENCE public.strapi_transfer_tokens_id_seq
    AS integer
    START WITH 1
    INCREMENT BY 1
    NO MINVALUE
    NO MAXVALUE
    CACHE 1;


ALTER TABLE public.strapi_transfer_tokens_id_seq OWNER TO codeteam;

--
-- Name: strapi_transfer_tokens_id_seq; Type: SEQUENCE OWNED BY; Schema: public; Owner: codeteam
--

ALTER SEQUENCE public.strapi_transfer_tokens_id_seq OWNED BY public.strapi_transfer_tokens.id;


--
-- Name: strapi_webhooks; Type: TABLE; Schema: public; Owner: codeteam
--

CREATE TABLE public.strapi_webhooks (
    id integer NOT NULL,
    name character varying(255),
    url text,
    headers jsonb,
    events jsonb,
    enabled boolean
);


ALTER TABLE public.strapi_webhooks OWNER TO codeteam;

--
-- Name: strapi_webhooks_id_seq; Type: SEQUENCE; Schema: public; Owner: codeteam
--

CREATE SEQUENCE public.strapi_webhooks_id_seq
    AS integer
    START WITH 1
    INCREMENT BY 1
    NO MINVALUE
    NO MAXVALUE
    CACHE 1;


ALTER TABLE public.strapi_webhooks_id_seq OWNER TO codeteam;

--
-- Name: strapi_webhooks_id_seq; Type: SEQUENCE OWNED BY; Schema: public; Owner: codeteam
--

ALTER SEQUENCE public.strapi_webhooks_id_seq OWNED BY public.strapi_webhooks.id;


--
-- Name: up_permissions; Type: TABLE; Schema: public; Owner: codeteam
--

CREATE TABLE public.up_permissions (
    id integer NOT NULL,
    action character varying(255),
    created_at timestamp(6) without time zone,
    updated_at timestamp(6) without time zone,
    created_by_id integer,
    updated_by_id integer
);


ALTER TABLE public.up_permissions OWNER TO codeteam;

--
-- Name: up_permissions_id_seq; Type: SEQUENCE; Schema: public; Owner: codeteam
--

CREATE SEQUENCE public.up_permissions_id_seq
    AS integer
    START WITH 1
    INCREMENT BY 1
    NO MINVALUE
    NO MAXVALUE
    CACHE 1;


ALTER TABLE public.up_permissions_id_seq OWNER TO codeteam;

--
-- Name: up_permissions_id_seq; Type: SEQUENCE OWNED BY; Schema: public; Owner: codeteam
--

ALTER SEQUENCE public.up_permissions_id_seq OWNED BY public.up_permissions.id;


--
-- Name: up_permissions_role_links; Type: TABLE; Schema: public; Owner: codeteam
--

CREATE TABLE public.up_permissions_role_links (
    id integer NOT NULL,
    permission_id integer,
    role_id integer,
    permission_order double precision
);


ALTER TABLE public.up_permissions_role_links OWNER TO codeteam;

--
-- Name: up_permissions_role_links_id_seq; Type: SEQUENCE; Schema: public; Owner: codeteam
--

CREATE SEQUENCE public.up_permissions_role_links_id_seq
    AS integer
    START WITH 1
    INCREMENT BY 1
    NO MINVALUE
    NO MAXVALUE
    CACHE 1;


ALTER TABLE public.up_permissions_role_links_id_seq OWNER TO codeteam;

--
-- Name: up_permissions_role_links_id_seq; Type: SEQUENCE OWNED BY; Schema: public; Owner: codeteam
--

ALTER SEQUENCE public.up_permissions_role_links_id_seq OWNED BY public.up_permissions_role_links.id;


--
-- Name: up_roles; Type: TABLE; Schema: public; Owner: codeteam
--

CREATE TABLE public.up_roles (
    id integer NOT NULL,
    name character varying(255),
    description character varying(255),
    type character varying(255),
    created_at timestamp(6) without time zone,
    updated_at timestamp(6) without time zone,
    created_by_id integer,
    updated_by_id integer
);


ALTER TABLE public.up_roles OWNER TO codeteam;

--
-- Name: up_roles_id_seq; Type: SEQUENCE; Schema: public; Owner: codeteam
--

CREATE SEQUENCE public.up_roles_id_seq
    AS integer
    START WITH 1
    INCREMENT BY 1
    NO MINVALUE
    NO MAXVALUE
    CACHE 1;


ALTER TABLE public.up_roles_id_seq OWNER TO codeteam;

--
-- Name: up_roles_id_seq; Type: SEQUENCE OWNED BY; Schema: public; Owner: codeteam
--

ALTER SEQUENCE public.up_roles_id_seq OWNED BY public.up_roles.id;


--
-- Name: up_users; Type: TABLE; Schema: public; Owner: codeteam
--

CREATE TABLE public.up_users (
    id integer NOT NULL,
    username character varying(255),
    email character varying(255),
    provider character varying(255),
    password character varying(255),
    reset_password_token character varying(255),
    confirmation_token character varying(255),
    confirmed boolean,
    blocked boolean,
    created_at timestamp(6) without time zone,
    updated_at timestamp(6) without time zone,
    created_by_id integer,
    updated_by_id integer
);


ALTER TABLE public.up_users OWNER TO codeteam;

--
-- Name: up_users_id_seq; Type: SEQUENCE; Schema: public; Owner: codeteam
--

CREATE SEQUENCE public.up_users_id_seq
    AS integer
    START WITH 1
    INCREMENT BY 1
    NO MINVALUE
    NO MAXVALUE
    CACHE 1;


ALTER TABLE public.up_users_id_seq OWNER TO codeteam;

--
-- Name: up_users_id_seq; Type: SEQUENCE OWNED BY; Schema: public; Owner: codeteam
--

ALTER SEQUENCE public.up_users_id_seq OWNED BY public.up_users.id;


--
-- Name: up_users_role_links; Type: TABLE; Schema: public; Owner: codeteam
--

CREATE TABLE public.up_users_role_links (
    id integer NOT NULL,
    user_id integer,
    role_id integer,
    user_order double precision
);


ALTER TABLE public.up_users_role_links OWNER TO codeteam;

--
-- Name: up_users_role_links_id_seq; Type: SEQUENCE; Schema: public; Owner: codeteam
--

CREATE SEQUENCE public.up_users_role_links_id_seq
    AS integer
    START WITH 1
    INCREMENT BY 1
    NO MINVALUE
    NO MAXVALUE
    CACHE 1;


ALTER TABLE public.up_users_role_links_id_seq OWNER TO codeteam;

--
-- Name: up_users_role_links_id_seq; Type: SEQUENCE OWNED BY; Schema: public; Owner: codeteam
--

ALTER SEQUENCE public.up_users_role_links_id_seq OWNED BY public.up_users_role_links.id;


--
-- Name: upload_folders; Type: TABLE; Schema: public; Owner: codeteam
--

CREATE TABLE public.upload_folders (
    id integer NOT NULL,
    name character varying(255),
    path_id integer,
    path character varying(255),
    created_at timestamp(6) without time zone,
    updated_at timestamp(6) without time zone,
    created_by_id integer,
    updated_by_id integer
);


ALTER TABLE public.upload_folders OWNER TO codeteam;

--
-- Name: upload_folders_id_seq; Type: SEQUENCE; Schema: public; Owner: codeteam
--

CREATE SEQUENCE public.upload_folders_id_seq
    AS integer
    START WITH 1
    INCREMENT BY 1
    NO MINVALUE
    NO MAXVALUE
    CACHE 1;


ALTER TABLE public.upload_folders_id_seq OWNER TO codeteam;

--
-- Name: upload_folders_id_seq; Type: SEQUENCE OWNED BY; Schema: public; Owner: codeteam
--

ALTER SEQUENCE public.upload_folders_id_seq OWNED BY public.upload_folders.id;


--
-- Name: upload_folders_parent_links; Type: TABLE; Schema: public; Owner: codeteam
--

CREATE TABLE public.upload_folders_parent_links (
    id integer NOT NULL,
    folder_id integer,
    inv_folder_id integer,
    folder_order double precision
);


ALTER TABLE public.upload_folders_parent_links OWNER TO codeteam;

--
-- Name: upload_folders_parent_links_id_seq; Type: SEQUENCE; Schema: public; Owner: codeteam
--

CREATE SEQUENCE public.upload_folders_parent_links_id_seq
    AS integer
    START WITH 1
    INCREMENT BY 1
    NO MINVALUE
    NO MAXVALUE
    CACHE 1;


ALTER TABLE public.upload_folders_parent_links_id_seq OWNER TO codeteam;

--
-- Name: upload_folders_parent_links_id_seq; Type: SEQUENCE OWNED BY; Schema: public; Owner: codeteam
--

ALTER SEQUENCE public.upload_folders_parent_links_id_seq OWNED BY public.upload_folders_parent_links.id;


--
-- Name: working_times; Type: TABLE; Schema: public; Owner: codeteam
--

CREATE TABLE public.working_times (
    id integer NOT NULL,
    created_at timestamp(6) without time zone,
    updated_at timestamp(6) without time zone,
    published_at timestamp(6) without time zone,
    created_by_id integer,
    updated_by_id integer
);


ALTER TABLE public.working_times OWNER TO codeteam;

--
-- Name: working_times_components; Type: TABLE; Schema: public; Owner: codeteam
--

CREATE TABLE public.working_times_components (
    id integer NOT NULL,
    entity_id integer,
    component_id integer,
    component_type character varying(255),
    field character varying(255),
    "order" double precision
);


ALTER TABLE public.working_times_components OWNER TO codeteam;

--
-- Name: working_times_components_id_seq; Type: SEQUENCE; Schema: public; Owner: codeteam
--

CREATE SEQUENCE public.working_times_components_id_seq
    AS integer
    START WITH 1
    INCREMENT BY 1
    NO MINVALUE
    NO MAXVALUE
    CACHE 1;


ALTER TABLE public.working_times_components_id_seq OWNER TO codeteam;

--
-- Name: working_times_components_id_seq; Type: SEQUENCE OWNED BY; Schema: public; Owner: codeteam
--

ALTER SEQUENCE public.working_times_components_id_seq OWNED BY public.working_times_components.id;


--
-- Name: working_times_id_seq; Type: SEQUENCE; Schema: public; Owner: codeteam
--

CREATE SEQUENCE public.working_times_id_seq
    AS integer
    START WITH 1
    INCREMENT BY 1
    NO MINVALUE
    NO MAXVALUE
    CACHE 1;


ALTER TABLE public.working_times_id_seq OWNER TO codeteam;

--
-- Name: working_times_id_seq; Type: SEQUENCE OWNED BY; Schema: public; Owner: codeteam
--

ALTER SEQUENCE public.working_times_id_seq OWNED BY public.working_times.id;


--
-- Name: admin_permissions id; Type: DEFAULT; Schema: public; Owner: codeteam
--

ALTER TABLE ONLY public.admin_permissions ALTER COLUMN id SET DEFAULT nextval('public.admin_permissions_id_seq'::regclass);


--
-- Name: admin_permissions_role_links id; Type: DEFAULT; Schema: public; Owner: codeteam
--

ALTER TABLE ONLY public.admin_permissions_role_links ALTER COLUMN id SET DEFAULT nextval('public.admin_permissions_role_links_id_seq'::regclass);


--
-- Name: admin_roles id; Type: DEFAULT; Schema: public; Owner: codeteam
--

ALTER TABLE ONLY public.admin_roles ALTER COLUMN id SET DEFAULT nextval('public.admin_roles_id_seq'::regclass);


--
-- Name: admin_users id; Type: DEFAULT; Schema: public; Owner: codeteam
--

ALTER TABLE ONLY public.admin_users ALTER COLUMN id SET DEFAULT nextval('public.admin_users_id_seq'::regclass);


--
-- Name: admin_users_roles_links id; Type: DEFAULT; Schema: public; Owner: codeteam
--

ALTER TABLE ONLY public.admin_users_roles_links ALTER COLUMN id SET DEFAULT nextval('public.admin_users_roles_links_id_seq'::regclass);


--
-- Name: commodities id; Type: DEFAULT; Schema: public; Owner: ttskanyan
--

ALTER TABLE ONLY public.commodities ALTER COLUMN id SET DEFAULT nextval('public.commodities_id_seq'::regclass);


--
-- Name: commodities_localizations_links id; Type: DEFAULT; Schema: public; Owner: ttskanyan
--

ALTER TABLE ONLY public.commodities_localizations_links ALTER COLUMN id SET DEFAULT nextval('public.commodities_localizations_links_id_seq'::regclass);


--
-- Name: components_block_block_text_images id; Type: DEFAULT; Schema: public; Owner: codeteam
--

ALTER TABLE ONLY public.components_block_block_text_images ALTER COLUMN id SET DEFAULT nextval('public.components_block_block_text_images_id_seq'::regclass);


--
-- Name: components_block_block_with_text_onlies id; Type: DEFAULT; Schema: public; Owner: ttskanyan
--

ALTER TABLE ONLY public.components_block_block_with_text_onlies ALTER COLUMN id SET DEFAULT nextval('public.components_block_block_with_text_onlies_id_seq'::regclass);


--
-- Name: components_seo_metas id; Type: DEFAULT; Schema: public; Owner: codeteam
--

ALTER TABLE ONLY public.components_seo_metas ALTER COLUMN id SET DEFAULT nextval('public.components_seo_metas_id_seq'::regclass);


--
-- Name: components_seo_seos id; Type: DEFAULT; Schema: public; Owner: codeteam
--

ALTER TABLE ONLY public.components_seo_seos ALTER COLUMN id SET DEFAULT nextval('public.components_seo_seos_id_seq'::regclass);


--
-- Name: components_seo_seos_components id; Type: DEFAULT; Schema: public; Owner: codeteam
--

ALTER TABLE ONLY public.components_seo_seos_components ALTER COLUMN id SET DEFAULT nextval('public.components_seo_seos_components_id_seq'::regclass);


--
-- Name: components_socials_social_networks id; Type: DEFAULT; Schema: public; Owner: codeteam
--

ALTER TABLE ONLY public.components_socials_social_networks ALTER COLUMN id SET DEFAULT nextval('public.components_socials_social_networks_id_seq'::regclass);


--
-- Name: components_socials_working_times id; Type: DEFAULT; Schema: public; Owner: codeteam
--

ALTER TABLE ONLY public.components_socials_working_times ALTER COLUMN id SET DEFAULT nextval('public.components_socials_working_times_id_seq'::regclass);


--
-- Name: files id; Type: DEFAULT; Schema: public; Owner: codeteam
--

ALTER TABLE ONLY public.files ALTER COLUMN id SET DEFAULT nextval('public.files_id_seq'::regclass);


--
-- Name: files_folder_links id; Type: DEFAULT; Schema: public; Owner: codeteam
--

ALTER TABLE ONLY public.files_folder_links ALTER COLUMN id SET DEFAULT nextval('public.files_folder_links_id_seq'::regclass);


--
-- Name: files_related_morphs id; Type: DEFAULT; Schema: public; Owner: codeteam
--

ALTER TABLE ONLY public.files_related_morphs ALTER COLUMN id SET DEFAULT nextval('public.files_related_morphs_id_seq'::regclass);


--
-- Name: i18n_locale id; Type: DEFAULT; Schema: public; Owner: codeteam
--

ALTER TABLE ONLY public.i18n_locale ALTER COLUMN id SET DEFAULT nextval('public.i18n_locale_id_seq'::regclass);


--
-- Name: mains id; Type: DEFAULT; Schema: public; Owner: codeteam
--

ALTER TABLE ONLY public.mains ALTER COLUMN id SET DEFAULT nextval('public.mains_id_seq'::regclass);


--
-- Name: mains_components id; Type: DEFAULT; Schema: public; Owner: codeteam
--

ALTER TABLE ONLY public.mains_components ALTER COLUMN id SET DEFAULT nextval('public.mains_components_id_seq'::regclass);


--
-- Name: mains_localizations_links id; Type: DEFAULT; Schema: public; Owner: codeteam
--

ALTER TABLE ONLY public.mains_localizations_links ALTER COLUMN id SET DEFAULT nextval('public.mains_localizations_links_id_seq'::regclass);


--
-- Name: products id; Type: DEFAULT; Schema: public; Owner: ttskanyan
--

ALTER TABLE ONLY public.products ALTER COLUMN id SET DEFAULT nextval('public.products_id_seq'::regclass);


--
-- Name: products_components id; Type: DEFAULT; Schema: public; Owner: ttskanyan
--

ALTER TABLE ONLY public.products_components ALTER COLUMN id SET DEFAULT nextval('public.products_components_id_seq'::regclass);


--
-- Name: products_localizations_links id; Type: DEFAULT; Schema: public; Owner: ttskanyan
--

ALTER TABLE ONLY public.products_localizations_links ALTER COLUMN id SET DEFAULT nextval('public.products_localizations_links_id_seq'::regclass);


--
-- Name: socials id; Type: DEFAULT; Schema: public; Owner: codeteam
--

ALTER TABLE ONLY public.socials ALTER COLUMN id SET DEFAULT nextval('public.socials_id_seq'::regclass);


--
-- Name: socials_components id; Type: DEFAULT; Schema: public; Owner: codeteam
--

ALTER TABLE ONLY public.socials_components ALTER COLUMN id SET DEFAULT nextval('public.socials_components_id_seq'::regclass);


--
-- Name: strapi_api_token_permissions id; Type: DEFAULT; Schema: public; Owner: codeteam
--

ALTER TABLE ONLY public.strapi_api_token_permissions ALTER COLUMN id SET DEFAULT nextval('public.strapi_api_token_permissions_id_seq'::regclass);


--
-- Name: strapi_api_token_permissions_token_links id; Type: DEFAULT; Schema: public; Owner: codeteam
--

ALTER TABLE ONLY public.strapi_api_token_permissions_token_links ALTER COLUMN id SET DEFAULT nextval('public.strapi_api_token_permissions_token_links_id_seq'::regclass);


--
-- Name: strapi_api_tokens id; Type: DEFAULT; Schema: public; Owner: codeteam
--

ALTER TABLE ONLY public.strapi_api_tokens ALTER COLUMN id SET DEFAULT nextval('public.strapi_api_tokens_id_seq'::regclass);


--
-- Name: strapi_core_store_settings id; Type: DEFAULT; Schema: public; Owner: codeteam
--

ALTER TABLE ONLY public.strapi_core_store_settings ALTER COLUMN id SET DEFAULT nextval('public.strapi_core_store_settings_id_seq'::regclass);


--
-- Name: strapi_database_schema id; Type: DEFAULT; Schema: public; Owner: codeteam
--

ALTER TABLE ONLY public.strapi_database_schema ALTER COLUMN id SET DEFAULT nextval('public.strapi_database_schema_id_seq'::regclass);


--
-- Name: strapi_migrations id; Type: DEFAULT; Schema: public; Owner: codeteam
--

ALTER TABLE ONLY public.strapi_migrations ALTER COLUMN id SET DEFAULT nextval('public.strapi_migrations_id_seq'::regclass);


--
-- Name: strapi_transfer_token_permissions id; Type: DEFAULT; Schema: public; Owner: codeteam
--

ALTER TABLE ONLY public.strapi_transfer_token_permissions ALTER COLUMN id SET DEFAULT nextval('public.strapi_transfer_token_permissions_id_seq'::regclass);


--
-- Name: strapi_transfer_token_permissions_token_links id; Type: DEFAULT; Schema: public; Owner: codeteam
--

ALTER TABLE ONLY public.strapi_transfer_token_permissions_token_links ALTER COLUMN id SET DEFAULT nextval('public.strapi_transfer_token_permissions_token_links_id_seq'::regclass);


--
-- Name: strapi_transfer_tokens id; Type: DEFAULT; Schema: public; Owner: codeteam
--

ALTER TABLE ONLY public.strapi_transfer_tokens ALTER COLUMN id SET DEFAULT nextval('public.strapi_transfer_tokens_id_seq'::regclass);


--
-- Name: strapi_webhooks id; Type: DEFAULT; Schema: public; Owner: codeteam
--

ALTER TABLE ONLY public.strapi_webhooks ALTER COLUMN id SET DEFAULT nextval('public.strapi_webhooks_id_seq'::regclass);


--
-- Name: up_permissions id; Type: DEFAULT; Schema: public; Owner: codeteam
--

ALTER TABLE ONLY public.up_permissions ALTER COLUMN id SET DEFAULT nextval('public.up_permissions_id_seq'::regclass);


--
-- Name: up_permissions_role_links id; Type: DEFAULT; Schema: public; Owner: codeteam
--

ALTER TABLE ONLY public.up_permissions_role_links ALTER COLUMN id SET DEFAULT nextval('public.up_permissions_role_links_id_seq'::regclass);


--
-- Name: up_roles id; Type: DEFAULT; Schema: public; Owner: codeteam
--

ALTER TABLE ONLY public.up_roles ALTER COLUMN id SET DEFAULT nextval('public.up_roles_id_seq'::regclass);


--
-- Name: up_users id; Type: DEFAULT; Schema: public; Owner: codeteam
--

ALTER TABLE ONLY public.up_users ALTER COLUMN id SET DEFAULT nextval('public.up_users_id_seq'::regclass);


--
-- Name: up_users_role_links id; Type: DEFAULT; Schema: public; Owner: codeteam
--

ALTER TABLE ONLY public.up_users_role_links ALTER COLUMN id SET DEFAULT nextval('public.up_users_role_links_id_seq'::regclass);


--
-- Name: upload_folders id; Type: DEFAULT; Schema: public; Owner: codeteam
--

ALTER TABLE ONLY public.upload_folders ALTER COLUMN id SET DEFAULT nextval('public.upload_folders_id_seq'::regclass);


--
-- Name: upload_folders_parent_links id; Type: DEFAULT; Schema: public; Owner: codeteam
--

ALTER TABLE ONLY public.upload_folders_parent_links ALTER COLUMN id SET DEFAULT nextval('public.upload_folders_parent_links_id_seq'::regclass);


--
-- Name: working_times id; Type: DEFAULT; Schema: public; Owner: codeteam
--

ALTER TABLE ONLY public.working_times ALTER COLUMN id SET DEFAULT nextval('public.working_times_id_seq'::regclass);


--
-- Name: working_times_components id; Type: DEFAULT; Schema: public; Owner: codeteam
--

ALTER TABLE ONLY public.working_times_components ALTER COLUMN id SET DEFAULT nextval('public.working_times_components_id_seq'::regclass);


--
-- Data for Name: admin_permissions; Type: TABLE DATA; Schema: public; Owner: codeteam
--

COPY public.admin_permissions (id, action, subject, properties, conditions, created_at, updated_at, created_by_id, updated_by_id) FROM stdin;
1	plugin::upload.read	\N	{}	[]	2023-04-08 18:41:07.663	2023-04-08 18:41:07.663	\N	\N
2	plugin::upload.configure-view	\N	{}	[]	2023-04-08 18:41:07.668	2023-04-08 18:41:07.668	\N	\N
3	plugin::upload.assets.create	\N	{}	[]	2023-04-08 18:41:07.67	2023-04-08 18:41:07.67	\N	\N
4	plugin::upload.assets.update	\N	{}	[]	2023-04-08 18:41:07.672	2023-04-08 18:41:07.672	\N	\N
5	plugin::upload.assets.download	\N	{}	[]	2023-04-08 18:41:07.674	2023-04-08 18:41:07.674	\N	\N
6	plugin::upload.assets.copy-link	\N	{}	[]	2023-04-08 18:41:07.676	2023-04-08 18:41:07.676	\N	\N
7	plugin::upload.read	\N	{}	["admin::is-creator"]	2023-04-08 18:41:07.678	2023-04-08 18:41:07.678	\N	\N
8	plugin::upload.configure-view	\N	{}	[]	2023-04-08 18:41:07.68	2023-04-08 18:41:07.68	\N	\N
9	plugin::upload.assets.create	\N	{}	[]	2023-04-08 18:41:07.682	2023-04-08 18:41:07.682	\N	\N
10	plugin::upload.assets.update	\N	{}	["admin::is-creator"]	2023-04-08 18:41:07.684	2023-04-08 18:41:07.684	\N	\N
11	plugin::upload.assets.download	\N	{}	[]	2023-04-08 18:41:07.686	2023-04-08 18:41:07.686	\N	\N
12	plugin::upload.assets.copy-link	\N	{}	[]	2023-04-08 18:41:07.687	2023-04-08 18:41:07.687	\N	\N
13	plugin::content-manager.explorer.create	plugin::users-permissions.user	{"fields": ["username", "email", "provider", "password", "resetPasswordToken", "confirmationToken", "confirmed", "blocked", "role"]}	[]	2023-04-08 18:41:07.697	2023-04-08 18:41:07.697	\N	\N
14	plugin::content-manager.explorer.read	plugin::users-permissions.user	{"fields": ["username", "email", "provider", "password", "resetPasswordToken", "confirmationToken", "confirmed", "blocked", "role"]}	[]	2023-04-08 18:41:07.7	2023-04-08 18:41:07.7	\N	\N
15	plugin::content-manager.explorer.update	plugin::users-permissions.user	{"fields": ["username", "email", "provider", "password", "resetPasswordToken", "confirmationToken", "confirmed", "blocked", "role"]}	[]	2023-04-08 18:41:07.701	2023-04-08 18:41:07.701	\N	\N
16	plugin::content-manager.explorer.delete	plugin::users-permissions.user	{}	[]	2023-04-08 18:41:07.703	2023-04-08 18:41:07.703	\N	\N
17	plugin::content-manager.single-types.configure-view	\N	{}	[]	2023-04-08 18:41:07.704	2023-04-08 18:41:07.704	\N	\N
18	plugin::content-manager.collection-types.configure-view	\N	{}	[]	2023-04-08 18:41:07.706	2023-04-08 18:41:07.706	\N	\N
19	plugin::content-manager.components.configure-layout	\N	{}	[]	2023-04-08 18:41:07.708	2023-04-08 18:41:07.708	\N	\N
20	plugin::content-type-builder.read	\N	{}	[]	2023-04-08 18:41:07.709	2023-04-08 18:41:07.709	\N	\N
21	plugin::email.settings.read	\N	{}	[]	2023-04-08 18:41:07.711	2023-04-08 18:41:07.711	\N	\N
22	plugin::upload.read	\N	{}	[]	2023-04-08 18:41:07.713	2023-04-08 18:41:07.713	\N	\N
23	plugin::upload.assets.create	\N	{}	[]	2023-04-08 18:41:07.715	2023-04-08 18:41:07.715	\N	\N
24	plugin::upload.assets.update	\N	{}	[]	2023-04-08 18:41:07.716	2023-04-08 18:41:07.716	\N	\N
25	plugin::upload.assets.download	\N	{}	[]	2023-04-08 18:41:07.718	2023-04-08 18:41:07.718	\N	\N
26	plugin::upload.assets.copy-link	\N	{}	[]	2023-04-08 18:41:07.719	2023-04-08 18:41:07.719	\N	\N
27	plugin::upload.configure-view	\N	{}	[]	2023-04-08 18:41:07.721	2023-04-08 18:41:07.721	\N	\N
28	plugin::upload.settings.read	\N	{}	[]	2023-04-08 18:41:07.723	2023-04-08 18:41:07.723	\N	\N
29	plugin::users-permissions.roles.create	\N	{}	[]	2023-04-08 18:41:07.725	2023-04-08 18:41:07.725	\N	\N
30	plugin::users-permissions.roles.read	\N	{}	[]	2023-04-08 18:41:07.726	2023-04-08 18:41:07.726	\N	\N
31	plugin::users-permissions.roles.update	\N	{}	[]	2023-04-08 18:41:07.728	2023-04-08 18:41:07.728	\N	\N
32	plugin::users-permissions.roles.delete	\N	{}	[]	2023-04-08 18:41:07.73	2023-04-08 18:41:07.73	\N	\N
33	plugin::users-permissions.providers.read	\N	{}	[]	2023-04-08 18:41:07.731	2023-04-08 18:41:07.731	\N	\N
34	plugin::users-permissions.providers.update	\N	{}	[]	2023-04-08 18:41:07.732	2023-04-08 18:41:07.732	\N	\N
35	plugin::users-permissions.email-templates.read	\N	{}	[]	2023-04-08 18:41:07.734	2023-04-08 18:41:07.734	\N	\N
36	plugin::users-permissions.email-templates.update	\N	{}	[]	2023-04-08 18:41:07.735	2023-04-08 18:41:07.735	\N	\N
37	plugin::users-permissions.advanced-settings.read	\N	{}	[]	2023-04-08 18:41:07.737	2023-04-08 18:41:07.737	\N	\N
38	plugin::users-permissions.advanced-settings.update	\N	{}	[]	2023-04-08 18:41:07.738	2023-04-08 18:41:07.738	\N	\N
39	plugin::i18n.locale.create	\N	{}	[]	2023-04-08 18:41:07.74	2023-04-08 18:41:07.74	\N	\N
40	plugin::i18n.locale.read	\N	{}	[]	2023-04-08 18:41:07.741	2023-04-08 18:41:07.741	\N	\N
41	plugin::i18n.locale.update	\N	{}	[]	2023-04-08 18:41:07.743	2023-04-08 18:41:07.743	\N	\N
42	plugin::i18n.locale.delete	\N	{}	[]	2023-04-08 18:41:07.744	2023-04-08 18:41:07.744	\N	\N
43	admin::marketplace.read	\N	{}	[]	2023-04-08 18:41:07.746	2023-04-08 18:41:07.746	\N	\N
44	admin::webhooks.create	\N	{}	[]	2023-04-08 18:41:07.748	2023-04-08 18:41:07.748	\N	\N
45	admin::webhooks.read	\N	{}	[]	2023-04-08 18:41:07.75	2023-04-08 18:41:07.75	\N	\N
46	admin::webhooks.update	\N	{}	[]	2023-04-08 18:41:07.752	2023-04-08 18:41:07.752	\N	\N
47	admin::webhooks.delete	\N	{}	[]	2023-04-08 18:41:07.753	2023-04-08 18:41:07.753	\N	\N
48	admin::users.create	\N	{}	[]	2023-04-08 18:41:07.755	2023-04-08 18:41:07.755	\N	\N
49	admin::users.read	\N	{}	[]	2023-04-08 18:41:07.756	2023-04-08 18:41:07.756	\N	\N
50	admin::users.update	\N	{}	[]	2023-04-08 18:41:07.758	2023-04-08 18:41:07.758	\N	\N
51	admin::users.delete	\N	{}	[]	2023-04-08 18:41:07.76	2023-04-08 18:41:07.76	\N	\N
52	admin::roles.create	\N	{}	[]	2023-04-08 18:41:07.761	2023-04-08 18:41:07.761	\N	\N
53	admin::roles.read	\N	{}	[]	2023-04-08 18:41:07.763	2023-04-08 18:41:07.763	\N	\N
54	admin::roles.update	\N	{}	[]	2023-04-08 18:41:07.765	2023-04-08 18:41:07.765	\N	\N
55	admin::roles.delete	\N	{}	[]	2023-04-08 18:41:07.766	2023-04-08 18:41:07.766	\N	\N
56	admin::api-tokens.access	\N	{}	[]	2023-04-08 18:41:07.769	2023-04-08 18:41:07.769	\N	\N
57	admin::api-tokens.create	\N	{}	[]	2023-04-08 18:41:07.771	2023-04-08 18:41:07.771	\N	\N
58	admin::api-tokens.read	\N	{}	[]	2023-04-08 18:41:07.772	2023-04-08 18:41:07.772	\N	\N
59	admin::api-tokens.update	\N	{}	[]	2023-04-08 18:41:07.774	2023-04-08 18:41:07.774	\N	\N
60	admin::api-tokens.regenerate	\N	{}	[]	2023-04-08 18:41:07.775	2023-04-08 18:41:07.775	\N	\N
61	admin::api-tokens.delete	\N	{}	[]	2023-04-08 18:41:07.777	2023-04-08 18:41:07.777	\N	\N
62	admin::project-settings.update	\N	{}	[]	2023-04-08 18:41:07.778	2023-04-08 18:41:07.778	\N	\N
63	admin::project-settings.read	\N	{}	[]	2023-04-08 18:41:07.779	2023-04-08 18:41:07.779	\N	\N
64	admin::transfer.tokens.access	\N	{}	[]	2023-04-08 18:41:07.78	2023-04-08 18:41:07.78	\N	\N
65	admin::transfer.tokens.create	\N	{}	[]	2023-04-08 18:41:07.782	2023-04-08 18:41:07.782	\N	\N
66	admin::transfer.tokens.read	\N	{}	[]	2023-04-08 18:41:07.783	2023-04-08 18:41:07.783	\N	\N
67	admin::transfer.tokens.update	\N	{}	[]	2023-04-08 18:41:07.784	2023-04-08 18:41:07.784	\N	\N
68	admin::transfer.tokens.regenerate	\N	{}	[]	2023-04-08 18:41:07.785	2023-04-08 18:41:07.785	\N	\N
69	admin::transfer.tokens.delete	\N	{}	[]	2023-04-08 18:41:07.786	2023-04-08 18:41:07.786	\N	\N
243	plugin::content-manager.explorer.create	api::product.product	{"fields": ["block1.title", "block1.description", "seo.title", "seo.meta.name", "seo.meta.content", "block2.title", "block2.description", "statics"], "locales": ["en", "ru"]}	[]	2023-05-13 17:37:24.393	2023-05-13 17:37:24.393	\N	\N
143	plugin::content-manager.explorer.delete	api::social.social	{}	[]	2023-04-28 15:49:01.683	2023-04-28 15:49:01.683	\N	\N
144	plugin::content-manager.explorer.publish	api::social.social	{}	[]	2023-04-28 15:49:01.688	2023-04-28 15:49:01.688	\N	\N
244	plugin::content-manager.explorer.read	api::product.product	{"fields": ["block1.title", "block1.description", "seo.title", "seo.meta.name", "seo.meta.content", "block2.title", "block2.description", "statics"], "locales": ["en", "ru"]}	[]	2023-05-13 17:37:24.401	2023-05-13 17:37:24.401	\N	\N
245	plugin::content-manager.explorer.update	api::product.product	{"fields": ["block1.title", "block1.description", "seo.title", "seo.meta.name", "seo.meta.content", "block2.title", "block2.description", "statics"], "locales": ["en", "ru"]}	[]	2023-05-13 17:37:24.407	2023-05-13 17:37:24.407	\N	\N
96	plugin::content-manager.explorer.read	plugin::users-permissions.user	{"fields": ["username", "email", "provider", "password", "resetPasswordToken", "confirmationToken", "confirmed", "blocked", "role"]}	[]	2023-04-09 16:18:46.692	2023-04-09 16:18:46.692	\N	\N
182	plugin::content-manager.explorer.create	api::main.main	{"fields": ["seo.title", "seo.meta.name", "seo.meta.content", "block1.title", "block1.description", "block1.image"], "locales": ["en", "ru"]}	[]	2023-04-29 13:08:23.719	2023-04-29 13:08:23.719	\N	\N
183	plugin::content-manager.explorer.read	api::main.main	{"fields": ["seo.title", "seo.meta.name", "seo.meta.content", "block1.title", "block1.description", "block1.image"], "locales": ["en", "ru"]}	[]	2023-04-29 13:08:23.725	2023-04-29 13:08:23.725	\N	\N
184	plugin::content-manager.explorer.update	api::main.main	{"fields": ["seo.title", "seo.meta.name", "seo.meta.content", "block1.title", "block1.description", "block1.image"], "locales": ["en", "ru"]}	[]	2023-04-29 13:08:23.727	2023-04-29 13:08:23.727	\N	\N
190	plugin::content-manager.explorer.create	api::main.main	{"fields": ["seo.title", "seo.meta.name", "seo.meta.content", "block1.title", "block1.description", "block1.image"], "locales": ["en", "ru"]}	[]	2023-04-29 14:50:05.695	2023-04-29 14:50:05.695	\N	\N
191	plugin::content-manager.explorer.read	api::main.main	{"fields": ["seo.title", "seo.meta.name", "seo.meta.content", "block1.title", "block1.description", "block1.image"], "locales": ["en", "ru"]}	[]	2023-04-29 14:50:05.697	2023-04-29 14:50:05.697	\N	\N
192	plugin::content-manager.explorer.update	api::main.main	{"fields": ["seo.title", "seo.meta.name", "seo.meta.content", "block1.title", "block1.description", "block1.image"], "locales": ["en", "ru"]}	[]	2023-04-29 14:50:05.7	2023-04-29 14:50:05.7	\N	\N
193	plugin::content-manager.explorer.delete	api::main.main	{"locales": ["en", "ru"]}	[]	2023-04-29 14:50:05.703	2023-04-29 14:50:05.703	\N	\N
194	plugin::content-manager.explorer.create	api::social.social	{"fields": ["email", "phone", "socialNetworks.name", "socialNetworks.link"]}	[]	2023-04-29 14:50:05.706	2023-04-29 14:50:05.706	\N	\N
195	plugin::content-manager.explorer.read	api::social.social	{"fields": ["email", "phone", "socialNetworks.name", "socialNetworks.link"]}	[]	2023-04-29 14:50:05.708	2023-04-29 14:50:05.708	\N	\N
196	plugin::content-manager.explorer.update	api::social.social	{"fields": ["email", "phone", "socialNetworks.name", "socialNetworks.link"]}	[]	2023-04-29 14:50:05.711	2023-04-29 14:50:05.711	\N	\N
197	plugin::content-manager.explorer.delete	api::social.social	{}	[]	2023-04-29 14:50:05.714	2023-04-29 14:50:05.714	\N	\N
198	plugin::content-manager.explorer.publish	api::social.social	{}	[]	2023-04-29 14:50:05.716	2023-04-29 14:50:05.716	\N	\N
126	plugin::content-manager.explorer.delete	api::main.main	{"locales": ["en", "ru"]}	[]	2023-04-27 08:00:25.687	2023-04-27 08:00:25.687	\N	\N
207	plugin::content-manager.explorer.create	api::working-time.working-time	{"fields": ["wotkingTime.day", "wotkingTime.time"]}	[]	2023-05-01 13:58:43.12	2023-05-01 13:58:43.12	\N	\N
208	plugin::content-manager.explorer.read	api::working-time.working-time	{"fields": ["wotkingTime.day", "wotkingTime.time"]}	[]	2023-05-01 13:58:43.127	2023-05-01 13:58:43.127	\N	\N
209	plugin::content-manager.explorer.update	api::working-time.working-time	{"fields": ["wotkingTime.day", "wotkingTime.time"]}	[]	2023-05-01 13:58:43.129	2023-05-01 13:58:43.129	\N	\N
210	plugin::content-manager.explorer.delete	api::working-time.working-time	{}	[]	2023-05-01 13:58:43.137	2023-05-01 13:58:43.137	\N	\N
211	plugin::content-manager.explorer.publish	api::working-time.working-time	{}	[]	2023-05-01 13:58:43.138	2023-05-01 13:58:43.138	\N	\N
212	plugin::content-manager.explorer.create	api::social.social	{"fields": ["email", "phone", "socialNetworks.name", "socialNetworks.link", "socialNetworks.title"]}	[]	2023-05-06 19:39:11.487	2023-05-06 19:39:11.487	\N	\N
213	plugin::content-manager.explorer.read	api::social.social	{"fields": ["email", "phone", "socialNetworks.name", "socialNetworks.link", "socialNetworks.title"]}	[]	2023-05-06 19:39:11.501	2023-05-06 19:39:11.501	\N	\N
214	plugin::content-manager.explorer.update	api::social.social	{"fields": ["email", "phone", "socialNetworks.name", "socialNetworks.link", "socialNetworks.title"]}	[]	2023-05-06 19:39:11.503	2023-05-06 19:39:11.503	\N	\N
227	plugin::content-manager.explorer.delete	api::product.product	{"locales": ["en", "ru"]}	[]	2023-05-07 22:57:25.004	2023-05-07 22:57:25.004	\N	\N
228	plugin::content-manager.explorer.publish	api::product.product	{"locales": ["en", "ru"]}	[]	2023-05-07 22:57:25.006	2023-05-07 22:57:25.006	\N	\N
235	plugin::content-manager.explorer.delete	api::commodity.commodity	{"locales": ["en", "ru"]}	[]	2023-05-13 13:58:19.003	2023-05-13 13:58:19.003	\N	\N
236	plugin::content-manager.explorer.publish	api::commodity.commodity	{"locales": ["en", "ru"]}	[]	2023-05-13 13:58:19.005	2023-05-13 13:58:19.005	\N	\N
240	plugin::content-manager.explorer.create	api::commodity.commodity	{"fields": ["name", "description", "price", "images"], "locales": ["en", "ru"]}	[]	2023-05-13 16:30:31.675	2023-05-13 16:30:31.675	\N	\N
241	plugin::content-manager.explorer.read	api::commodity.commodity	{"fields": ["name", "description", "price", "images"], "locales": ["en", "ru"]}	[]	2023-05-13 16:30:31.682	2023-05-13 16:30:31.682	\N	\N
242	plugin::content-manager.explorer.update	api::commodity.commodity	{"fields": ["name", "description", "price", "images"], "locales": ["en", "ru"]}	[]	2023-05-13 16:30:31.685	2023-05-13 16:30:31.685	\N	\N
\.


--
-- Data for Name: admin_permissions_role_links; Type: TABLE DATA; Schema: public; Owner: codeteam
--

COPY public.admin_permissions_role_links (id, permission_id, role_id, permission_order) FROM stdin;
1	1	2	1
2	2	2	2
3	3	2	3
4	4	2	4
5	5	2	5
6	6	2	6
7	7	3	1
8	8	3	2
9	9	3	3
10	10	3	4
11	11	3	5
12	12	3	6
13	13	1	1
14	14	1	2
15	15	1	3
16	16	1	4
17	17	1	5
18	18	1	6
19	19	1	7
20	20	1	8
21	21	1	9
22	22	1	10
23	23	1	11
24	24	1	12
25	25	1	13
26	26	1	14
27	27	1	15
28	28	1	16
29	29	1	17
30	30	1	18
31	31	1	19
32	32	1	20
33	33	1	21
34	34	1	22
35	35	1	23
36	36	1	24
37	37	1	25
38	38	1	26
39	39	1	27
40	40	1	28
41	41	1	29
42	42	1	30
43	43	1	31
44	44	1	32
45	45	1	33
46	46	1	34
47	47	1	35
48	48	1	36
49	49	1	37
50	50	1	38
51	51	1	39
52	52	1	40
53	53	1	41
54	54	1	42
55	55	1	43
56	56	1	44
57	57	1	45
58	58	1	46
59	59	1	47
60	60	1	48
61	61	1	49
62	62	1	50
63	63	1	51
64	64	1	52
65	65	1	53
66	66	1	54
67	67	1	55
68	68	1	56
69	69	1	57
248	243	1	116
249	244	1	117
250	245	1	118
148	143	1	68
149	144	1	69
101	96	4	2
187	182	1	86
188	183	1	87
189	184	1	88
195	190	2	12
196	191	2	13
197	192	2	14
198	193	2	15
199	194	2	16
200	195	2	17
201	196	2	18
202	197	2	19
203	198	2	20
131	126	1	61
212	207	1	89
213	208	1	90
214	209	1	91
215	210	1	92
216	211	1	93
217	212	1	94
218	213	1	95
219	214	1	96
232	227	1	100
233	228	1	101
240	235	1	108
241	236	1	109
245	240	1	113
246	241	1	114
247	242	1	115
\.


--
-- Data for Name: admin_roles; Type: TABLE DATA; Schema: public; Owner: codeteam
--

COPY public.admin_roles (id, name, code, description, created_at, updated_at, created_by_id, updated_by_id) FROM stdin;
1	Super Admin	strapi-super-admin	Super Admins can access and manage all features and settings.	2023-04-08 18:41:07.656	2023-04-08 18:41:07.656	\N	\N
3	Author	strapi-author	Authors can manage the content they have created.	2023-04-08 18:41:07.661	2023-04-08 18:41:07.661	\N	\N
4	Demo	demo-lg9fh33v	Cant do anything	2023-04-09 16:15:50.395	2023-04-09 16:18:46.656	\N	\N
2	Editor	strapi-editor	Editors can manage and publish contents including those of other users.	2023-04-08 18:41:07.66	2023-04-29 14:50:05.649	\N	\N
\.


--
-- Data for Name: admin_users; Type: TABLE DATA; Schema: public; Owner: codeteam
--

COPY public.admin_users (id, firstname, lastname, username, email, password, reset_password_token, registration_token, is_active, blocked, prefered_language, created_at, updated_at, created_by_id, updated_by_id) FROM stdin;
1	Tigran		\N	tiger58439@yandex.ru	$2a$10$MaLtyN3wFI/3CA/ZVxzqK.DilUivdFqw0k0hknWjaQ6lwMcmcH/fG	\N	\N	t	f	\N	2023-04-08 18:41:30.596	2023-04-08 18:41:30.596	\N	\N
4	ContentManager		\N	aud-zarya@yandex.ru	$2a$10$m3KPOcvojvvPswx3iCQcw.9LFfhEigQQCR8UDSRzQZ/4N5heVKOmW	\N	\N	t	f	\N	2023-04-29 14:48:36.99	2023-04-29 14:48:56.981	\N	\N
\.


--
-- Data for Name: admin_users_roles_links; Type: TABLE DATA; Schema: public; Owner: codeteam
--

COPY public.admin_users_roles_links (id, user_id, role_id, role_order, user_order) FROM stdin;
1	1	1	1	1
6	4	3	1	1
7	4	2	2	1
\.


--
-- Data for Name: commodities; Type: TABLE DATA; Schema: public; Owner: ttskanyan
--

COPY public.commodities (id, name, description, price, created_at, updated_at, published_at, created_by_id, updated_by_id, locale) FROM stdin;
2	 -100 (B-7.5)	\N	\N	2023-05-13 15:21:21.109	2023-05-13 15:21:22.517	2023-05-13 15:21:22.513	1	1	en
6	 -150 (-12,5)	\N	\N	2023-05-13 15:23:57.139	2023-05-13 15:23:57.713	2023-05-13 15:23:57.711	1	1	en
7	 -200 (15)	\N	\N	2023-05-13 15:24:09.84	2023-05-13 15:24:13.331	2023-05-13 15:24:13.329	1	1	en
8	 -250 (20)	\N	\N	2023-05-13 15:24:24.537	2023-05-13 15:24:25.09	2023-05-13 15:24:25.084	1	1	en
10	 -300 (22,5)	\N	\N	2023-05-13 15:24:41.93	2023-05-13 15:24:42.534	2023-05-13 15:24:42.532	1	1	en
12	 -350 (25)	\N	\N	2023-05-13 15:25:13.101	2023-05-13 15:25:13.685	2023-05-13 15:25:13.682	1	1	en
1	 -100 (B-7,5)	\N	6600	2023-05-13 15:20:55.074	2023-05-13 16:37:45.206	2023-05-13 15:20:57.61	1	1	ru
3	 -150 (-12,5)	\N	6700	2023-05-13 15:23:12.456	2023-05-13 16:37:57.023	2023-05-13 15:23:13.182	1	1	ru
4	 -200 (15)	\N	6800	2023-05-13 15:23:28.568	2023-05-13 16:38:07.132	2023-05-13 15:23:29.091	1	1	ru
5	 -250 (20)	\N	6900	2023-05-13 15:23:41.189	2023-05-13 16:38:23.672	2023-05-13 15:23:41.907	1	1	ru
9	 -300 (22,5)	\N	7000	2023-05-13 15:24:37.532	2023-05-13 16:38:41.46	2023-05-13 15:24:38.437	1	1	ru
11	 -350 (25)	\N	7100	2023-05-13 15:25:08.553	2023-05-13 16:38:54.255	2023-05-13 15:25:09.336	1	1	ru
\.


--
-- Data for Name: commodities_localizations_links; Type: TABLE DATA; Schema: public; Owner: ttskanyan
--

COPY public.commodities_localizations_links (id, commodity_id, inv_commodity_id, commodity_order) FROM stdin;
1	2	1	1
2	1	2	1
3	6	3	1
4	3	6	1
5	7	4	1
6	4	7	1
7	8	5	1
8	5	8	1
9	10	9	1
10	9	10	1
11	12	11	1
12	11	12	1
\.


--
-- Data for Name: components_block_block_text_images; Type: TABLE DATA; Schema: public; Owner: codeteam
--

COPY public.components_block_block_text_images (id, title, description) FROM stdin;
1	 	               .          ,               .
\.


--
-- Data for Name: components_block_block_with_text_onlies; Type: TABLE DATA; Schema: public; Owner: ttskanyan
--

COPY public.components_block_block_with_text_onlies (id, title, description) FROM stdin;
8	 	    . ** ,          !**
5	 	      :   100  400.              ,     .      .   6000 ,          . \n**     **
6	 	    . ** ,          !**
7	 	      :   100  400.              ,     .      .   6000 ,          . \n**     **
\.


--
-- Data for Name: components_seo_metas; Type: TABLE DATA; Schema: public; Owner: codeteam
--

COPY public.components_seo_metas (id, name, content) FROM stdin;
2	123	124141414
1	description	124141414
\.


--
-- Data for Name: components_seo_seos; Type: TABLE DATA; Schema: public; Owner: codeteam
--

COPY public.components_seo_seos (id, title) FROM stdin;
3	Main page
1	 
6	
7	
\.


--
-- Data for Name: components_seo_seos_components; Type: TABLE DATA; Schema: public; Owner: codeteam
--

COPY public.components_seo_seos_components (id, entity_id, component_id, component_type, field, "order") FROM stdin;
2	3	2	seo.meta	meta	1
1	1	1	seo.meta	meta	1
\.


--
-- Data for Name: components_socials_social_networks; Type: TABLE DATA; Schema: public; Owner: codeteam
--

COPY public.components_socials_social_networks (id, name, link, title) FROM stdin;
1	telegram	link	\N
2	whatsapp	link	\N
3	geotag	https://yandex.ru/maps/?ll=39.058874%2C44.169709&mode=routes&rtext=~44.169709%2C39.058874&rtt=mt&ruri=~&z=17	\N
4	telegram	telegram	\N
5	whatsapp	whatsapp	\N
6	geotag	https://yandex.ru/maps/?ll=39.058874%2C44.169709&mode=routes&rtext=~44.169709%2C39.058874&rtt=mt&ruri=~&z=17	\N
7	telegram	telegram	\N
8	whatsapp	whatsapp	\N
9	geotag	geotag	\N
10	telegram	https://t.me/MasterSaya	\N
14	whatsapp	https://wa.me/79882812276	\N
12	geotag	https://yandex.ru/maps/org/kurortopttorg/27711815006/?ll=39.058884%2C44.169753&z=16.69	 -, . , 16
\.


--
-- Data for Name: components_socials_working_times; Type: TABLE DATA; Schema: public; Owner: codeteam
--

COPY public.components_socials_working_times (id, day, "time") FROM stdin;
2		10:00-18:00
3		10:00-18:00
4		10:00-18:00
5		10:00-18:00
6		10:00-18:00
7		
1		10:00-18:00
\.


--
-- Data for Name: files; Type: TABLE DATA; Schema: public; Owner: codeteam
--

COPY public.files (id, name, alternative_text, caption, width, height, formats, hash, ext, mime, size, url, preview_url, provider, provider_metadata, folder_path, created_at, updated_at, created_by_id, updated_by_id) FROM stdin;
\.


--
-- Data for Name: files_folder_links; Type: TABLE DATA; Schema: public; Owner: codeteam
--

COPY public.files_folder_links (id, file_id, folder_id, file_order) FROM stdin;
\.


--
-- Data for Name: files_related_morphs; Type: TABLE DATA; Schema: public; Owner: codeteam
--

COPY public.files_related_morphs (id, file_id, related_id, related_type, field, "order") FROM stdin;
\.


--
-- Data for Name: i18n_locale; Type: TABLE DATA; Schema: public; Owner: codeteam
--

COPY public.i18n_locale (id, name, code, created_at, updated_at, created_by_id, updated_by_id) FROM stdin;
1	English (en)	en	2023-04-08 18:41:07.642	2023-04-08 18:41:07.642	\N	\N
2	Russian (ru)	ru	2023-04-09 16:13:30.556	2023-04-09 16:13:30.556	1	1
\.


--
-- Data for Name: mains; Type: TABLE DATA; Schema: public; Owner: codeteam
--

COPY public.mains (id, created_at, updated_at, created_by_id, updated_by_id, locale) FROM stdin;
2	2023-04-27 08:25:19.508	2023-04-27 15:44:36.925	1	1	en
1	2023-04-27 08:22:04.129	2023-04-29 13:26:40.902	1	1	ru
\.


--
-- Data for Name: mains_components; Type: TABLE DATA; Schema: public; Owner: codeteam
--

COPY public.mains_components (id, entity_id, component_id, component_type, field, "order") FROM stdin;
1	1	1	seo.seo	seo	\N
4	2	3	seo.seo	seo	\N
6	1	1	socials.socials	socials	\N
18	1	1	block.block-text-image	block1	\N
\.


--
-- Data for Name: mains_localizations_links; Type: TABLE DATA; Schema: public; Owner: codeteam
--

COPY public.mains_localizations_links (id, main_id, inv_main_id, main_order) FROM stdin;
1	2	1	1
2	1	2	1
\.


--
-- Data for Name: products; Type: TABLE DATA; Schema: public; Owner: ttskanyan
--

COPY public.products (id, created_at, updated_at, published_at, created_by_id, updated_by_id, locale) FROM stdin;
1	2023-05-07 23:04:42.646	2023-05-13 15:35:37.085	2023-05-07 23:04:44.831	1	1	ru
2	2023-05-13 15:28:57.92	2023-05-13 15:35:48.713	2023-05-13 15:28:59.477	1	1	en
\.


--
-- Data for Name: products_components; Type: TABLE DATA; Schema: public; Owner: ttskanyan
--

COPY public.products_components (id, entity_id, component_id, component_type, field, "order") FROM stdin;
44	1	5	block.block-with-text-only	block1	\N
45	1	6	seo.seo	seo	\N
46	1	6	block.block-with-text-only	block2	\N
50	2	7	block.block-with-text-only	block1	\N
51	2	7	seo.seo	seo	\N
52	2	8	block.block-with-text-only	block2	\N
\.


--
-- Data for Name: products_localizations_links; Type: TABLE DATA; Schema: public; Owner: ttskanyan
--

COPY public.products_localizations_links (id, product_id, inv_product_id, product_order) FROM stdin;
1	2	1	1
2	1	2	1
\.


--
-- Data for Name: socials; Type: TABLE DATA; Schema: public; Owner: codeteam
--

COPY public.socials (id, created_at, updated_at, published_at, created_by_id, updated_by_id, email, phone) FROM stdin;
1	2023-04-28 15:50:36.946	2023-05-07 22:50:15.841	2023-04-28 15:50:38.839	1	1	aud-zarya@yandex.ru	+79183706692
\.


--
-- Data for Name: socials_components; Type: TABLE DATA; Schema: public; Owner: codeteam
--

COPY public.socials_components (id, entity_id, component_id, component_type, field, "order") FROM stdin;
1	1	7	socials.social-networks	socalNetworks	2
2	1	8	socials.social-networks	socalNetworks	5
3	1	9	socials.social-networks	socalNetworks	6
4	1	10	socials.social-networks	socialNetworks	1
26	1	14	socials.social-networks	socialNetworks	2
9	1	12	socials.social-networks	socialNetworks	3
\.


--
-- Data for Name: strapi_api_token_permissions; Type: TABLE DATA; Schema: public; Owner: codeteam
--

COPY public.strapi_api_token_permissions (id, action, created_at, updated_at, created_by_id, updated_by_id) FROM stdin;
\.


--
-- Data for Name: strapi_api_token_permissions_token_links; Type: TABLE DATA; Schema: public; Owner: codeteam
--

COPY public.strapi_api_token_permissions_token_links (id, api_token_permission_id, api_token_id, api_token_permission_order) FROM stdin;
\.


--
-- Data for Name: strapi_api_tokens; Type: TABLE DATA; Schema: public; Owner: codeteam
--

COPY public.strapi_api_tokens (id, name, description, type, access_key, last_used_at, expires_at, lifespan, created_at, updated_at, created_by_id, updated_by_id) FROM stdin;
\.


--
-- Data for Name: strapi_core_store_settings; Type: TABLE DATA; Schema: public; Owner: codeteam
--

COPY public.strapi_core_store_settings (id, key, value, type, environment, tag) FROM stdin;
2	plugin_content_manager_configuration_content_types::admin::permission	{"uid":"admin::permission","settings":{"bulkable":true,"filterable":true,"searchable":true,"pageSize":10,"mainField":"action","defaultSortBy":"action","defaultSortOrder":"ASC"},"metadatas":{"id":{"edit":{},"list":{"label":"id","searchable":true,"sortable":true}},"action":{"edit":{"label":"action","description":"","placeholder":"","visible":true,"editable":true},"list":{"label":"action","searchable":true,"sortable":true}},"subject":{"edit":{"label":"subject","description":"","placeholder":"","visible":true,"editable":true},"list":{"label":"subject","searchable":true,"sortable":true}},"properties":{"edit":{"label":"properties","description":"","placeholder":"","visible":true,"editable":true},"list":{"label":"properties","searchable":false,"sortable":false}},"conditions":{"edit":{"label":"conditions","description":"","placeholder":"","visible":true,"editable":true},"list":{"label":"conditions","searchable":false,"sortable":false}},"role":{"edit":{"label":"role","description":"","placeholder":"","visible":true,"editable":true,"mainField":"name"},"list":{"label":"role","searchable":true,"sortable":true}},"createdAt":{"edit":{"label":"createdAt","description":"","placeholder":"","visible":false,"editable":true},"list":{"label":"createdAt","searchable":true,"sortable":true}},"updatedAt":{"edit":{"label":"updatedAt","description":"","placeholder":"","visible":false,"editable":true},"list":{"label":"updatedAt","searchable":true,"sortable":true}}},"layouts":{"list":["id","action","subject","role"],"edit":[[{"name":"action","size":6},{"name":"subject","size":6}],[{"name":"properties","size":12}],[{"name":"conditions","size":12}],[{"name":"role","size":6}]]}}	object	\N	\N
3	plugin_content_manager_configuration_content_types::admin::role	{"uid":"admin::role","settings":{"bulkable":true,"filterable":true,"searchable":true,"pageSize":10,"mainField":"name","defaultSortBy":"name","defaultSortOrder":"ASC"},"metadatas":{"id":{"edit":{},"list":{"label":"id","searchable":true,"sortable":true}},"name":{"edit":{"label":"name","description":"","placeholder":"","visible":true,"editable":true},"list":{"label":"name","searchable":true,"sortable":true}},"code":{"edit":{"label":"code","description":"","placeholder":"","visible":true,"editable":true},"list":{"label":"code","searchable":true,"sortable":true}},"description":{"edit":{"label":"description","description":"","placeholder":"","visible":true,"editable":true},"list":{"label":"description","searchable":true,"sortable":true}},"users":{"edit":{"label":"users","description":"","placeholder":"","visible":true,"editable":true,"mainField":"firstname"},"list":{"label":"users","searchable":false,"sortable":false}},"permissions":{"edit":{"label":"permissions","description":"","placeholder":"","visible":true,"editable":true,"mainField":"action"},"list":{"label":"permissions","searchable":false,"sortable":false}},"createdAt":{"edit":{"label":"createdAt","description":"","placeholder":"","visible":false,"editable":true},"list":{"label":"createdAt","searchable":true,"sortable":true}},"updatedAt":{"edit":{"label":"updatedAt","description":"","placeholder":"","visible":false,"editable":true},"list":{"label":"updatedAt","searchable":true,"sortable":true}}},"layouts":{"list":["id","name","code","description"],"edit":[[{"name":"name","size":6},{"name":"code","size":6}],[{"name":"description","size":6},{"name":"users","size":6}],[{"name":"permissions","size":6}]]}}	object	\N	\N
4	plugin_content_manager_configuration_content_types::admin::api-token	{"uid":"admin::api-token","settings":{"bulkable":true,"filterable":true,"searchable":true,"pageSize":10,"mainField":"name","defaultSortBy":"name","defaultSortOrder":"ASC"},"metadatas":{"id":{"edit":{},"list":{"label":"id","searchable":true,"sortable":true}},"name":{"edit":{"label":"name","description":"","placeholder":"","visible":true,"editable":true},"list":{"label":"name","searchable":true,"sortable":true}},"description":{"edit":{"label":"description","description":"","placeholder":"","visible":true,"editable":true},"list":{"label":"description","searchable":true,"sortable":true}},"type":{"edit":{"label":"type","description":"","placeholder":"","visible":true,"editable":true},"list":{"label":"type","searchable":true,"sortable":true}},"accessKey":{"edit":{"label":"accessKey","description":"","placeholder":"","visible":true,"editable":true},"list":{"label":"accessKey","searchable":true,"sortable":true}},"lastUsedAt":{"edit":{"label":"lastUsedAt","description":"","placeholder":"","visible":true,"editable":true},"list":{"label":"lastUsedAt","searchable":true,"sortable":true}},"permissions":{"edit":{"label":"permissions","description":"","placeholder":"","visible":true,"editable":true,"mainField":"action"},"list":{"label":"permissions","searchable":false,"sortable":false}},"expiresAt":{"edit":{"label":"expiresAt","description":"","placeholder":"","visible":true,"editable":true},"list":{"label":"expiresAt","searchable":true,"sortable":true}},"lifespan":{"edit":{"label":"lifespan","description":"","placeholder":"","visible":true,"editable":true},"list":{"label":"lifespan","searchable":true,"sortable":true}},"createdAt":{"edit":{"label":"createdAt","description":"","placeholder":"","visible":false,"editable":true},"list":{"label":"createdAt","searchable":true,"sortable":true}},"updatedAt":{"edit":{"label":"updatedAt","description":"","placeholder":"","visible":false,"editable":true},"list":{"label":"updatedAt","searchable":true,"sortable":true}}},"layouts":{"list":["id","name","description","type"],"edit":[[{"name":"name","size":6},{"name":"description","size":6}],[{"name":"type","size":6},{"name":"accessKey","size":6}],[{"name":"lastUsedAt","size":6},{"name":"permissions","size":6}],[{"name":"expiresAt","size":6},{"name":"lifespan","size":4}]]}}	object	\N	\N
5	plugin_content_manager_configuration_content_types::admin::api-token-permission	{"uid":"admin::api-token-permission","settings":{"bulkable":true,"filterable":true,"searchable":true,"pageSize":10,"mainField":"action","defaultSortBy":"action","defaultSortOrder":"ASC"},"metadatas":{"id":{"edit":{},"list":{"label":"id","searchable":true,"sortable":true}},"action":{"edit":{"label":"action","description":"","placeholder":"","visible":true,"editable":true},"list":{"label":"action","searchable":true,"sortable":true}},"token":{"edit":{"label":"token","description":"","placeholder":"","visible":true,"editable":true,"mainField":"name"},"list":{"label":"token","searchable":true,"sortable":true}},"createdAt":{"edit":{"label":"createdAt","description":"","placeholder":"","visible":false,"editable":true},"list":{"label":"createdAt","searchable":true,"sortable":true}},"updatedAt":{"edit":{"label":"updatedAt","description":"","placeholder":"","visible":false,"editable":true},"list":{"label":"updatedAt","searchable":true,"sortable":true}}},"layouts":{"list":["id","action","token","createdAt"],"edit":[[{"name":"action","size":6},{"name":"token","size":6}]]}}	object	\N	\N
7	plugin_content_manager_configuration_content_types::admin::transfer-token	{"uid":"admin::transfer-token","settings":{"bulkable":true,"filterable":true,"searchable":true,"pageSize":10,"mainField":"name","defaultSortBy":"name","defaultSortOrder":"ASC"},"metadatas":{"id":{"edit":{},"list":{"label":"id","searchable":true,"sortable":true}},"name":{"edit":{"label":"name","description":"","placeholder":"","visible":true,"editable":true},"list":{"label":"name","searchable":true,"sortable":true}},"description":{"edit":{"label":"description","description":"","placeholder":"","visible":true,"editable":true},"list":{"label":"description","searchable":true,"sortable":true}},"accessKey":{"edit":{"label":"accessKey","description":"","placeholder":"","visible":true,"editable":true},"list":{"label":"accessKey","searchable":true,"sortable":true}},"lastUsedAt":{"edit":{"label":"lastUsedAt","description":"","placeholder":"","visible":true,"editable":true},"list":{"label":"lastUsedAt","searchable":true,"sortable":true}},"permissions":{"edit":{"label":"permissions","description":"","placeholder":"","visible":true,"editable":true,"mainField":"action"},"list":{"label":"permissions","searchable":false,"sortable":false}},"expiresAt":{"edit":{"label":"expiresAt","description":"","placeholder":"","visible":true,"editable":true},"list":{"label":"expiresAt","searchable":true,"sortable":true}},"lifespan":{"edit":{"label":"lifespan","description":"","placeholder":"","visible":true,"editable":true},"list":{"label":"lifespan","searchable":true,"sortable":true}},"createdAt":{"edit":{"label":"createdAt","description":"","placeholder":"","visible":false,"editable":true},"list":{"label":"createdAt","searchable":true,"sortable":true}},"updatedAt":{"edit":{"label":"updatedAt","description":"","placeholder":"","visible":false,"editable":true},"list":{"label":"updatedAt","searchable":true,"sortable":true}}},"layouts":{"list":["id","name","description","accessKey"],"edit":[[{"name":"name","size":6},{"name":"description","size":6}],[{"name":"accessKey","size":6},{"name":"lastUsedAt","size":6}],[{"name":"permissions","size":6},{"name":"expiresAt","size":6}],[{"name":"lifespan","size":4}]]}}	object	\N	\N
6	plugin_content_manager_configuration_content_types::admin::user	{"uid":"admin::user","settings":{"bulkable":true,"filterable":true,"searchable":true,"pageSize":10,"mainField":"firstname","defaultSortBy":"firstname","defaultSortOrder":"ASC"},"metadatas":{"id":{"edit":{},"list":{"label":"id","searchable":true,"sortable":true}},"firstname":{"edit":{"label":"firstname","description":"","placeholder":"","visible":true,"editable":true},"list":{"label":"firstname","searchable":true,"sortable":true}},"lastname":{"edit":{"label":"lastname","description":"","placeholder":"","visible":true,"editable":true},"list":{"label":"lastname","searchable":true,"sortable":true}},"username":{"edit":{"label":"username","description":"","placeholder":"","visible":true,"editable":true},"list":{"label":"username","searchable":true,"sortable":true}},"email":{"edit":{"label":"email","description":"","placeholder":"","visible":true,"editable":true},"list":{"label":"email","searchable":true,"sortable":true}},"password":{"edit":{"label":"password","description":"","placeholder":"","visible":true,"editable":true},"list":{"label":"password","searchable":true,"sortable":true}},"resetPasswordToken":{"edit":{"label":"resetPasswordToken","description":"","placeholder":"","visible":true,"editable":true},"list":{"label":"resetPasswordToken","searchable":true,"sortable":true}},"registrationToken":{"edit":{"label":"registrationToken","description":"","placeholder":"","visible":true,"editable":true},"list":{"label":"registrationToken","searchable":true,"sortable":true}},"isActive":{"edit":{"label":"isActive","description":"","placeholder":"","visible":true,"editable":true},"list":{"label":"isActive","searchable":true,"sortable":true}},"roles":{"edit":{"label":"roles","description":"","placeholder":"","visible":true,"editable":true,"mainField":"name"},"list":{"label":"roles","searchable":false,"sortable":false}},"blocked":{"edit":{"label":"blocked","description":"","placeholder":"","visible":true,"editable":true},"list":{"label":"blocked","searchable":true,"sortable":true}},"preferedLanguage":{"edit":{"label":"preferedLanguage","description":"","placeholder":"","visible":true,"editable":true},"list":{"label":"preferedLanguage","searchable":true,"sortable":true}},"createdAt":{"edit":{"label":"createdAt","description":"","placeholder":"","visible":false,"editable":true},"list":{"label":"createdAt","searchable":true,"sortable":true}},"updatedAt":{"edit":{"label":"updatedAt","description":"","placeholder":"","visible":false,"editable":true},"list":{"label":"updatedAt","searchable":true,"sortable":true}}},"layouts":{"list":["id","firstname","lastname","username"],"edit":[[{"name":"firstname","size":6},{"name":"lastname","size":6}],[{"name":"username","size":6},{"name":"email","size":6}],[{"name":"password","size":6},{"name":"resetPasswordToken","size":6}],[{"name":"registrationToken","size":6},{"name":"isActive","size":4}],[{"name":"roles","size":6},{"name":"blocked","size":4}],[{"name":"preferedLanguage","size":6}]]}}	object	\N	\N
10	plugin_content_manager_configuration_content_types::plugin::upload.file	{"uid":"plugin::upload.file","settings":{"bulkable":true,"filterable":true,"searchable":true,"pageSize":10,"mainField":"name","defaultSortBy":"name","defaultSortOrder":"ASC"},"metadatas":{"id":{"edit":{},"list":{"label":"id","searchable":true,"sortable":true}},"name":{"edit":{"label":"name","description":"","placeholder":"","visible":true,"editable":true},"list":{"label":"name","searchable":true,"sortable":true}},"alternativeText":{"edit":{"label":"alternativeText","description":"","placeholder":"","visible":true,"editable":true},"list":{"label":"alternativeText","searchable":true,"sortable":true}},"caption":{"edit":{"label":"caption","description":"","placeholder":"","visible":true,"editable":true},"list":{"label":"caption","searchable":true,"sortable":true}},"width":{"edit":{"label":"width","description":"","placeholder":"","visible":true,"editable":true},"list":{"label":"width","searchable":true,"sortable":true}},"height":{"edit":{"label":"height","description":"","placeholder":"","visible":true,"editable":true},"list":{"label":"height","searchable":true,"sortable":true}},"formats":{"edit":{"label":"formats","description":"","placeholder":"","visible":true,"editable":true},"list":{"label":"formats","searchable":false,"sortable":false}},"hash":{"edit":{"label":"hash","description":"","placeholder":"","visible":true,"editable":true},"list":{"label":"hash","searchable":true,"sortable":true}},"ext":{"edit":{"label":"ext","description":"","placeholder":"","visible":true,"editable":true},"list":{"label":"ext","searchable":true,"sortable":true}},"mime":{"edit":{"label":"mime","description":"","placeholder":"","visible":true,"editable":true},"list":{"label":"mime","searchable":true,"sortable":true}},"size":{"edit":{"label":"size","description":"","placeholder":"","visible":true,"editable":true},"list":{"label":"size","searchable":true,"sortable":true}},"url":{"edit":{"label":"url","description":"","placeholder":"","visible":true,"editable":true},"list":{"label":"url","searchable":true,"sortable":true}},"previewUrl":{"edit":{"label":"previewUrl","description":"","placeholder":"","visible":true,"editable":true},"list":{"label":"previewUrl","searchable":true,"sortable":true}},"provider":{"edit":{"label":"provider","description":"","placeholder":"","visible":true,"editable":true},"list":{"label":"provider","searchable":true,"sortable":true}},"provider_metadata":{"edit":{"label":"provider_metadata","description":"","placeholder":"","visible":true,"editable":true},"list":{"label":"provider_metadata","searchable":false,"sortable":false}},"folder":{"edit":{"label":"folder","description":"","placeholder":"","visible":true,"editable":true,"mainField":"name"},"list":{"label":"folder","searchable":true,"sortable":true}},"folderPath":{"edit":{"label":"folderPath","description":"","placeholder":"","visible":true,"editable":true},"list":{"label":"folderPath","searchable":true,"sortable":true}},"createdAt":{"edit":{"label":"createdAt","description":"","placeholder":"","visible":false,"editable":true},"list":{"label":"createdAt","searchable":true,"sortable":true}},"updatedAt":{"edit":{"label":"updatedAt","description":"","placeholder":"","visible":false,"editable":true},"list":{"label":"updatedAt","searchable":true,"sortable":true}}},"layouts":{"list":["id","name","alternativeText","caption"],"edit":[[{"name":"name","size":6},{"name":"alternativeText","size":6}],[{"name":"caption","size":6},{"name":"width","size":4}],[{"name":"height","size":4}],[{"name":"formats","size":12}],[{"name":"hash","size":6},{"name":"ext","size":6}],[{"name":"mime","size":6},{"name":"size","size":4}],[{"name":"url","size":6},{"name":"previewUrl","size":6}],[{"name":"provider","size":6}],[{"name":"provider_metadata","size":12}],[{"name":"folder","size":6},{"name":"folderPath","size":6}]]}}	object	\N	\N
1	strapi_content_types_schema	{"admin::permission":{"collectionName":"admin_permissions","info":{"name":"Permission","description":"","singularName":"permission","pluralName":"permissions","displayName":"Permission"},"options":{},"pluginOptions":{"content-manager":{"visible":false},"content-type-builder":{"visible":false}},"attributes":{"action":{"type":"string","minLength":1,"configurable":false,"required":true},"subject":{"type":"string","minLength":1,"configurable":false,"required":false},"properties":{"type":"json","configurable":false,"required":false,"default":{}},"conditions":{"type":"json","configurable":false,"required":false,"default":[]},"role":{"configurable":false,"type":"relation","relation":"manyToOne","inversedBy":"permissions","target":"admin::role"},"createdAt":{"type":"datetime"},"updatedAt":{"type":"datetime"},"createdBy":{"type":"relation","relation":"oneToOne","target":"admin::user","configurable":false,"writable":false,"visible":false,"useJoinTable":false,"private":true},"updatedBy":{"type":"relation","relation":"oneToOne","target":"admin::user","configurable":false,"writable":false,"visible":false,"useJoinTable":false,"private":true}},"kind":"collectionType","__schema__":{"collectionName":"admin_permissions","info":{"name":"Permission","description":"","singularName":"permission","pluralName":"permissions","displayName":"Permission"},"options":{},"pluginOptions":{"content-manager":{"visible":false},"content-type-builder":{"visible":false}},"attributes":{"action":{"type":"string","minLength":1,"configurable":false,"required":true},"subject":{"type":"string","minLength":1,"configurable":false,"required":false},"properties":{"type":"json","configurable":false,"required":false,"default":{}},"conditions":{"type":"json","configurable":false,"required":false,"default":[]},"role":{"configurable":false,"type":"relation","relation":"manyToOne","inversedBy":"permissions","target":"admin::role"}},"kind":"collectionType"},"modelType":"contentType","modelName":"permission","connection":"default","uid":"admin::permission","plugin":"admin","globalId":"AdminPermission"},"admin::user":{"collectionName":"admin_users","info":{"name":"User","description":"","singularName":"user","pluralName":"users","displayName":"User"},"pluginOptions":{"content-manager":{"visible":false},"content-type-builder":{"visible":false}},"attributes":{"firstname":{"type":"string","unique":false,"minLength":1,"configurable":false,"required":false},"lastname":{"type":"string","unique":false,"minLength":1,"configurable":false,"required":false},"username":{"type":"string","unique":false,"configurable":false,"required":false},"email":{"type":"email","minLength":6,"configurable":false,"required":true,"unique":true,"private":true},"password":{"type":"password","minLength":6,"configurable":false,"required":false,"private":true,"searchable":false},"resetPasswordToken":{"type":"string","configurable":false,"private":true,"searchable":false},"registrationToken":{"type":"string","configurable":false,"private":true,"searchable":false},"isActive":{"type":"boolean","default":false,"configurable":false,"private":true},"roles":{"configurable":false,"private":true,"type":"relation","relation":"manyToMany","inversedBy":"users","target":"admin::role","collectionName":"strapi_users_roles"},"blocked":{"type":"boolean","default":false,"configurable":false,"private":true},"preferedLanguage":{"type":"string","configurable":false,"required":false,"searchable":false},"createdAt":{"type":"datetime"},"updatedAt":{"type":"datetime"},"createdBy":{"type":"relation","relation":"oneToOne","target":"admin::user","configurable":false,"writable":false,"visible":false,"useJoinTable":false,"private":true},"updatedBy":{"type":"relation","relation":"oneToOne","target":"admin::user","configurable":false,"writable":false,"visible":false,"useJoinTable":false,"private":true}},"kind":"collectionType","__schema__":{"collectionName":"admin_users","info":{"name":"User","description":"","singularName":"user","pluralName":"users","displayName":"User"},"pluginOptions":{"content-manager":{"visible":false},"content-type-builder":{"visible":false}},"attributes":{"firstname":{"type":"string","unique":false,"minLength":1,"configurable":false,"required":false},"lastname":{"type":"string","unique":false,"minLength":1,"configurable":false,"required":false},"username":{"type":"string","unique":false,"configurable":false,"required":false},"email":{"type":"email","minLength":6,"configurable":false,"required":true,"unique":true,"private":true},"password":{"type":"password","minLength":6,"configurable":false,"required":false,"private":true,"searchable":false},"resetPasswordToken":{"type":"string","configurable":false,"private":true,"searchable":false},"registrationToken":{"type":"string","configurable":false,"private":true,"searchable":false},"isActive":{"type":"boolean","default":false,"configurable":false,"private":true},"roles":{"configurable":false,"private":true,"type":"relation","relation":"manyToMany","inversedBy":"users","target":"admin::role","collectionName":"strapi_users_roles"},"blocked":{"type":"boolean","default":false,"configurable":false,"private":true},"preferedLanguage":{"type":"string","configurable":false,"required":false,"searchable":false}},"kind":"collectionType"},"modelType":"contentType","modelName":"user","connection":"default","uid":"admin::user","plugin":"admin","globalId":"AdminUser"},"admin::role":{"collectionName":"admin_roles","info":{"name":"Role","description":"","singularName":"role","pluralName":"roles","displayName":"Role"},"options":{},"pluginOptions":{"content-manager":{"visible":false},"content-type-builder":{"visible":false}},"attributes":{"name":{"type":"string","minLength":1,"unique":true,"configurable":false,"required":true},"code":{"type":"string","minLength":1,"unique":true,"configurable":false,"required":true},"description":{"type":"string","configurable":false},"users":{"configurable":false,"type":"relation","relation":"manyToMany","mappedBy":"roles","target":"admin::user"},"permissions":{"configurable":false,"type":"relation","relation":"oneToMany","mappedBy":"role","target":"admin::permission"},"createdAt":{"type":"datetime"},"updatedAt":{"type":"datetime"},"createdBy":{"type":"relation","relation":"oneToOne","target":"admin::user","configurable":false,"writable":false,"visible":false,"useJoinTable":false,"private":true},"updatedBy":{"type":"relation","relation":"oneToOne","target":"admin::user","configurable":false,"writable":false,"visible":false,"useJoinTable":false,"private":true}},"kind":"collectionType","__schema__":{"collectionName":"admin_roles","info":{"name":"Role","description":"","singularName":"role","pluralName":"roles","displayName":"Role"},"options":{},"pluginOptions":{"content-manager":{"visible":false},"content-type-builder":{"visible":false}},"attributes":{"name":{"type":"string","minLength":1,"unique":true,"configurable":false,"required":true},"code":{"type":"string","minLength":1,"unique":true,"configurable":false,"required":true},"description":{"type":"string","configurable":false},"users":{"configurable":false,"type":"relation","relation":"manyToMany","mappedBy":"roles","target":"admin::user"},"permissions":{"configurable":false,"type":"relation","relation":"oneToMany","mappedBy":"role","target":"admin::permission"}},"kind":"collectionType"},"modelType":"contentType","modelName":"role","connection":"default","uid":"admin::role","plugin":"admin","globalId":"AdminRole"},"admin::api-token":{"collectionName":"strapi_api_tokens","info":{"name":"Api Token","singularName":"api-token","pluralName":"api-tokens","displayName":"Api Token","description":""},"options":{},"pluginOptions":{"content-manager":{"visible":false},"content-type-builder":{"visible":false}},"attributes":{"name":{"type":"string","minLength":1,"configurable":false,"required":true,"unique":true},"description":{"type":"string","minLength":1,"configurable":false,"required":false,"default":""},"type":{"type":"enumeration","enum":["read-only","full-access","custom"],"configurable":false,"required":true,"default":"read-only"},"accessKey":{"type":"string","minLength":1,"configurable":false,"required":true,"searchable":false},"lastUsedAt":{"type":"datetime","configurable":false,"required":false},"permissions":{"type":"relation","target":"admin::api-token-permission","relation":"oneToMany","mappedBy":"token","configurable":false,"required":false},"expiresAt":{"type":"datetime","configurable":false,"required":false},"lifespan":{"type":"biginteger","configurable":false,"required":false},"createdAt":{"type":"datetime"},"updatedAt":{"type":"datetime"},"createdBy":{"type":"relation","relation":"oneToOne","target":"admin::user","configurable":false,"writable":false,"visible":false,"useJoinTable":false,"private":true},"updatedBy":{"type":"relation","relation":"oneToOne","target":"admin::user","configurable":false,"writable":false,"visible":false,"useJoinTable":false,"private":true}},"kind":"collectionType","__schema__":{"collectionName":"strapi_api_tokens","info":{"name":"Api Token","singularName":"api-token","pluralName":"api-tokens","displayName":"Api Token","description":""},"options":{},"pluginOptions":{"content-manager":{"visible":false},"content-type-builder":{"visible":false}},"attributes":{"name":{"type":"string","minLength":1,"configurable":false,"required":true,"unique":true},"description":{"type":"string","minLength":1,"configurable":false,"required":false,"default":""},"type":{"type":"enumeration","enum":["read-only","full-access","custom"],"configurable":false,"required":true,"default":"read-only"},"accessKey":{"type":"string","minLength":1,"configurable":false,"required":true,"searchable":false},"lastUsedAt":{"type":"datetime","configurable":false,"required":false},"permissions":{"type":"relation","target":"admin::api-token-permission","relation":"oneToMany","mappedBy":"token","configurable":false,"required":false},"expiresAt":{"type":"datetime","configurable":false,"required":false},"lifespan":{"type":"biginteger","configurable":false,"required":false}},"kind":"collectionType"},"modelType":"contentType","modelName":"api-token","connection":"default","uid":"admin::api-token","plugin":"admin","globalId":"AdminApiToken"},"admin::api-token-permission":{"collectionName":"strapi_api_token_permissions","info":{"name":"API Token Permission","description":"","singularName":"api-token-permission","pluralName":"api-token-permissions","displayName":"API Token Permission"},"options":{},"pluginOptions":{"content-manager":{"visible":false},"content-type-builder":{"visible":false}},"attributes":{"action":{"type":"string","minLength":1,"configurable":false,"required":true},"token":{"configurable":false,"type":"relation","relation":"manyToOne","inversedBy":"permissions","target":"admin::api-token"},"createdAt":{"type":"datetime"},"updatedAt":{"type":"datetime"},"createdBy":{"type":"relation","relation":"oneToOne","target":"admin::user","configurable":false,"writable":false,"visible":false,"useJoinTable":false,"private":true},"updatedBy":{"type":"relation","relation":"oneToOne","target":"admin::user","configurable":false,"writable":false,"visible":false,"useJoinTable":false,"private":true}},"kind":"collectionType","__schema__":{"collectionName":"strapi_api_token_permissions","info":{"name":"API Token Permission","description":"","singularName":"api-token-permission","pluralName":"api-token-permissions","displayName":"API Token Permission"},"options":{},"pluginOptions":{"content-manager":{"visible":false},"content-type-builder":{"visible":false}},"attributes":{"action":{"type":"string","minLength":1,"configurable":false,"required":true},"token":{"configurable":false,"type":"relation","relation":"manyToOne","inversedBy":"permissions","target":"admin::api-token"}},"kind":"collectionType"},"modelType":"contentType","modelName":"api-token-permission","connection":"default","uid":"admin::api-token-permission","plugin":"admin","globalId":"AdminApiTokenPermission"},"admin::transfer-token":{"collectionName":"strapi_transfer_tokens","info":{"name":"Transfer Token","singularName":"transfer-token","pluralName":"transfer-tokens","displayName":"Transfer Token","description":""},"options":{},"pluginOptions":{"content-manager":{"visible":false},"content-type-builder":{"visible":false}},"attributes":{"name":{"type":"string","minLength":1,"configurable":false,"required":true,"unique":true},"description":{"type":"string","minLength":1,"configurable":false,"required":false,"default":""},"accessKey":{"type":"string","minLength":1,"configurable":false,"required":true},"lastUsedAt":{"type":"datetime","configurable":false,"required":false},"permissions":{"type":"relation","target":"admin::transfer-token-permission","relation":"oneToMany","mappedBy":"token","configurable":false,"required":false},"expiresAt":{"type":"datetime","configurable":false,"required":false},"lifespan":{"type":"biginteger","configurable":false,"required":false},"createdAt":{"type":"datetime"},"updatedAt":{"type":"datetime"},"createdBy":{"type":"relation","relation":"oneToOne","target":"admin::user","configurable":false,"writable":false,"visible":false,"useJoinTable":false,"private":true},"updatedBy":{"type":"relation","relation":"oneToOne","target":"admin::user","configurable":false,"writable":false,"visible":false,"useJoinTable":false,"private":true}},"kind":"collectionType","__schema__":{"collectionName":"strapi_transfer_tokens","info":{"name":"Transfer Token","singularName":"transfer-token","pluralName":"transfer-tokens","displayName":"Transfer Token","description":""},"options":{},"pluginOptions":{"content-manager":{"visible":false},"content-type-builder":{"visible":false}},"attributes":{"name":{"type":"string","minLength":1,"configurable":false,"required":true,"unique":true},"description":{"type":"string","minLength":1,"configurable":false,"required":false,"default":""},"accessKey":{"type":"string","minLength":1,"configurable":false,"required":true},"lastUsedAt":{"type":"datetime","configurable":false,"required":false},"permissions":{"type":"relation","target":"admin::transfer-token-permission","relation":"oneToMany","mappedBy":"token","configurable":false,"required":false},"expiresAt":{"type":"datetime","configurable":false,"required":false},"lifespan":{"type":"biginteger","configurable":false,"required":false}},"kind":"collectionType"},"modelType":"contentType","modelName":"transfer-token","connection":"default","uid":"admin::transfer-token","plugin":"admin","globalId":"AdminTransferToken"},"admin::transfer-token-permission":{"collectionName":"strapi_transfer_token_permissions","info":{"name":"Transfer Token Permission","description":"","singularName":"transfer-token-permission","pluralName":"transfer-token-permissions","displayName":"Transfer Token Permission"},"options":{},"pluginOptions":{"content-manager":{"visible":false},"content-type-builder":{"visible":false}},"attributes":{"action":{"type":"string","minLength":1,"configurable":false,"required":true},"token":{"configurable":false,"type":"relation","relation":"manyToOne","inversedBy":"permissions","target":"admin::transfer-token"},"createdAt":{"type":"datetime"},"updatedAt":{"type":"datetime"},"createdBy":{"type":"relation","relation":"oneToOne","target":"admin::user","configurable":false,"writable":false,"visible":false,"useJoinTable":false,"private":true},"updatedBy":{"type":"relation","relation":"oneToOne","target":"admin::user","configurable":false,"writable":false,"visible":false,"useJoinTable":false,"private":true}},"kind":"collectionType","__schema__":{"collectionName":"strapi_transfer_token_permissions","info":{"name":"Transfer Token Permission","description":"","singularName":"transfer-token-permission","pluralName":"transfer-token-permissions","displayName":"Transfer Token Permission"},"options":{},"pluginOptions":{"content-manager":{"visible":false},"content-type-builder":{"visible":false}},"attributes":{"action":{"type":"string","minLength":1,"configurable":false,"required":true},"token":{"configurable":false,"type":"relation","relation":"manyToOne","inversedBy":"permissions","target":"admin::transfer-token"}},"kind":"collectionType"},"modelType":"contentType","modelName":"transfer-token-permission","connection":"default","uid":"admin::transfer-token-permission","plugin":"admin","globalId":"AdminTransferTokenPermission"},"plugin::upload.file":{"collectionName":"files","info":{"singularName":"file","pluralName":"files","displayName":"File","description":""},"options":{},"pluginOptions":{"content-manager":{"visible":false},"content-type-builder":{"visible":false}},"attributes":{"name":{"type":"string","configurable":false,"required":true},"alternativeText":{"type":"string","configurable":false},"caption":{"type":"string","configurable":false},"width":{"type":"integer","configurable":false},"height":{"type":"integer","configurable":false},"formats":{"type":"json","configurable":false},"hash":{"type":"string","configurable":false,"required":true},"ext":{"type":"string","configurable":false},"mime":{"type":"string","configurable":false,"required":true},"size":{"type":"decimal","configurable":false,"required":true},"url":{"type":"string","configurable":false,"required":true},"previewUrl":{"type":"string","configurable":false},"provider":{"type":"string","configurable":false,"required":true},"provider_metadata":{"type":"json","configurable":false},"related":{"type":"relation","relation":"morphToMany","configurable":false},"folder":{"type":"relation","relation":"manyToOne","target":"plugin::upload.folder","inversedBy":"files","private":true},"folderPath":{"type":"string","min":1,"required":true,"private":true,"searchable":false},"createdAt":{"type":"datetime"},"updatedAt":{"type":"datetime"},"createdBy":{"type":"relation","relation":"oneToOne","target":"admin::user","configurable":false,"writable":false,"visible":false,"useJoinTable":false,"private":true},"updatedBy":{"type":"relation","relation":"oneToOne","target":"admin::user","configurable":false,"writable":false,"visible":false,"useJoinTable":false,"private":true}},"indexes":[{"name":"upload_files_folder_path_index","columns":["folder_path"],"type":null},{"name":"upload_files_created_at_index","columns":["created_at"],"type":null},{"name":"upload_files_updated_at_index","columns":["updated_at"],"type":null},{"name":"upload_files_name_index","columns":["name"],"type":null},{"name":"upload_files_size_index","columns":["size"],"type":null},{"name":"upload_files_ext_index","columns":["ext"],"type":null}],"kind":"collectionType","__schema__":{"collectionName":"files","info":{"singularName":"file","pluralName":"files","displayName":"File","description":""},"options":{},"pluginOptions":{"content-manager":{"visible":false},"content-type-builder":{"visible":false}},"attributes":{"name":{"type":"string","configurable":false,"required":true},"alternativeText":{"type":"string","configurable":false},"caption":{"type":"string","configurable":false},"width":{"type":"integer","configurable":false},"height":{"type":"integer","configurable":false},"formats":{"type":"json","configurable":false},"hash":{"type":"string","configurable":false,"required":true},"ext":{"type":"string","configurable":false},"mime":{"type":"string","configurable":false,"required":true},"size":{"type":"decimal","configurable":false,"required":true},"url":{"type":"string","configurable":false,"required":true},"previewUrl":{"type":"string","configurable":false},"provider":{"type":"string","configurable":false,"required":true},"provider_metadata":{"type":"json","configurable":false},"related":{"type":"relation","relation":"morphToMany","configurable":false},"folder":{"type":"relation","relation":"manyToOne","target":"plugin::upload.folder","inversedBy":"files","private":true},"folderPath":{"type":"string","min":1,"required":true,"private":true,"searchable":false}},"kind":"collectionType"},"modelType":"contentType","modelName":"file","connection":"default","uid":"plugin::upload.file","plugin":"upload","globalId":"UploadFile"},"plugin::upload.folder":{"collectionName":"upload_folders","info":{"singularName":"folder","pluralName":"folders","displayName":"Folder"},"options":{},"pluginOptions":{"content-manager":{"visible":false},"content-type-builder":{"visible":false}},"attributes":{"name":{"type":"string","min":1,"required":true},"pathId":{"type":"integer","unique":true,"required":true},"parent":{"type":"relation","relation":"manyToOne","target":"plugin::upload.folder","inversedBy":"children"},"children":{"type":"relation","relation":"oneToMany","target":"plugin::upload.folder","mappedBy":"parent"},"files":{"type":"relation","relation":"oneToMany","target":"plugin::upload.file","mappedBy":"folder"},"path":{"type":"string","min":1,"required":true},"createdAt":{"type":"datetime"},"updatedAt":{"type":"datetime"},"createdBy":{"type":"relation","relation":"oneToOne","target":"admin::user","configurable":false,"writable":false,"visible":false,"useJoinTable":false,"private":true},"updatedBy":{"type":"relation","relation":"oneToOne","target":"admin::user","configurable":false,"writable":false,"visible":false,"useJoinTable":false,"private":true}},"indexes":[{"name":"upload_folders_path_id_index","columns":["path_id"],"type":"unique"},{"name":"upload_folders_path_index","columns":["path"],"type":"unique"}],"kind":"collectionType","__schema__":{"collectionName":"upload_folders","info":{"singularName":"folder","pluralName":"folders","displayName":"Folder"},"options":{},"pluginOptions":{"content-manager":{"visible":false},"content-type-builder":{"visible":false}},"attributes":{"name":{"type":"string","min":1,"required":true},"pathId":{"type":"integer","unique":true,"required":true},"parent":{"type":"relation","relation":"manyToOne","target":"plugin::upload.folder","inversedBy":"children"},"children":{"type":"relation","relation":"oneToMany","target":"plugin::upload.folder","mappedBy":"parent"},"files":{"type":"relation","relation":"oneToMany","target":"plugin::upload.file","mappedBy":"folder"},"path":{"type":"string","min":1,"required":true}},"kind":"collectionType"},"modelType":"contentType","modelName":"folder","connection":"default","uid":"plugin::upload.folder","plugin":"upload","globalId":"UploadFolder"},"plugin::users-permissions.permission":{"collectionName":"up_permissions","info":{"name":"permission","description":"","singularName":"permission","pluralName":"permissions","displayName":"Permission"},"pluginOptions":{"content-manager":{"visible":false},"content-type-builder":{"visible":false}},"attributes":{"action":{"type":"string","required":true,"configurable":false},"role":{"type":"relation","relation":"manyToOne","target":"plugin::users-permissions.role","inversedBy":"permissions","configurable":false},"createdAt":{"type":"datetime"},"updatedAt":{"type":"datetime"},"createdBy":{"type":"relation","relation":"oneToOne","target":"admin::user","configurable":false,"writable":false,"visible":false,"useJoinTable":false,"private":true},"updatedBy":{"type":"relation","relation":"oneToOne","target":"admin::user","configurable":false,"writable":false,"visible":false,"useJoinTable":false,"private":true}},"kind":"collectionType","__schema__":{"collectionName":"up_permissions","info":{"name":"permission","description":"","singularName":"permission","pluralName":"permissions","displayName":"Permission"},"pluginOptions":{"content-manager":{"visible":false},"content-type-builder":{"visible":false}},"attributes":{"action":{"type":"string","required":true,"configurable":false},"role":{"type":"relation","relation":"manyToOne","target":"plugin::users-permissions.role","inversedBy":"permissions","configurable":false}},"kind":"collectionType"},"modelType":"contentType","modelName":"permission","connection":"default","uid":"plugin::users-permissions.permission","plugin":"users-permissions","globalId":"UsersPermissionsPermission"},"plugin::users-permissions.role":{"collectionName":"up_roles","info":{"name":"role","description":"","singularName":"role","pluralName":"roles","displayName":"Role"},"pluginOptions":{"content-manager":{"visible":false},"content-type-builder":{"visible":false}},"attributes":{"name":{"type":"string","minLength":3,"required":true,"configurable":false},"description":{"type":"string","configurable":false},"type":{"type":"string","unique":true,"configurable":false},"permissions":{"type":"relation","relation":"oneToMany","target":"plugin::users-permissions.permission","mappedBy":"role","configurable":false},"users":{"type":"relation","relation":"oneToMany","target":"plugin::users-permissions.user","mappedBy":"role","configurable":false},"createdAt":{"type":"datetime"},"updatedAt":{"type":"datetime"},"createdBy":{"type":"relation","relation":"oneToOne","target":"admin::user","configurable":false,"writable":false,"visible":false,"useJoinTable":false,"private":true},"updatedBy":{"type":"relation","relation":"oneToOne","target":"admin::user","configurable":false,"writable":false,"visible":false,"useJoinTable":false,"private":true}},"kind":"collectionType","__schema__":{"collectionName":"up_roles","info":{"name":"role","description":"","singularName":"role","pluralName":"roles","displayName":"Role"},"pluginOptions":{"content-manager":{"visible":false},"content-type-builder":{"visible":false}},"attributes":{"name":{"type":"string","minLength":3,"required":true,"configurable":false},"description":{"type":"string","configurable":false},"type":{"type":"string","unique":true,"configurable":false},"permissions":{"type":"relation","relation":"oneToMany","target":"plugin::users-permissions.permission","mappedBy":"role","configurable":false},"users":{"type":"relation","relation":"oneToMany","target":"plugin::users-permissions.user","mappedBy":"role","configurable":false}},"kind":"collectionType"},"modelType":"contentType","modelName":"role","connection":"default","uid":"plugin::users-permissions.role","plugin":"users-permissions","globalId":"UsersPermissionsRole"},"plugin::users-permissions.user":{"collectionName":"up_users","info":{"name":"user","description":"","singularName":"user","pluralName":"users","displayName":"User"},"options":{"draftAndPublish":false,"timestamps":true},"attributes":{"username":{"type":"string","minLength":3,"unique":true,"configurable":false,"required":true},"email":{"type":"email","minLength":6,"configurable":false,"required":true},"provider":{"type":"string","configurable":false},"password":{"type":"password","minLength":6,"configurable":false,"private":true,"searchable":false},"resetPasswordToken":{"type":"string","configurable":false,"private":true,"searchable":false},"confirmationToken":{"type":"string","configurable":false,"private":true,"searchable":false},"confirmed":{"type":"boolean","default":false,"configurable":false},"blocked":{"type":"boolean","default":false,"configurable":false},"role":{"type":"relation","relation":"manyToOne","target":"plugin::users-permissions.role","inversedBy":"users","configurable":false},"createdAt":{"type":"datetime"},"updatedAt":{"type":"datetime"},"createdBy":{"type":"relation","relation":"oneToOne","target":"admin::user","configurable":false,"writable":false,"visible":false,"useJoinTable":false,"private":true},"updatedBy":{"type":"relation","relation":"oneToOne","target":"admin::user","configurable":false,"writable":false,"visible":false,"useJoinTable":false,"private":true}},"config":{"attributes":{"resetPasswordToken":{"hidden":true},"confirmationToken":{"hidden":true},"provider":{"hidden":true}}},"kind":"collectionType","__schema__":{"collectionName":"up_users","info":{"name":"user","description":"","singularName":"user","pluralName":"users","displayName":"User"},"options":{"draftAndPublish":false,"timestamps":true},"attributes":{"username":{"type":"string","minLength":3,"unique":true,"configurable":false,"required":true},"email":{"type":"email","minLength":6,"configurable":false,"required":true},"provider":{"type":"string","configurable":false},"password":{"type":"password","minLength":6,"configurable":false,"private":true,"searchable":false},"resetPasswordToken":{"type":"string","configurable":false,"private":true,"searchable":false},"confirmationToken":{"type":"string","configurable":false,"private":true,"searchable":false},"confirmed":{"type":"boolean","default":false,"configurable":false},"blocked":{"type":"boolean","default":false,"configurable":false},"role":{"type":"relation","relation":"manyToOne","target":"plugin::users-permissions.role","inversedBy":"users","configurable":false}},"kind":"collectionType"},"modelType":"contentType","modelName":"user","connection":"default","uid":"plugin::users-permissions.user","plugin":"users-permissions","globalId":"UsersPermissionsUser"},"plugin::i18n.locale":{"info":{"singularName":"locale","pluralName":"locales","collectionName":"locales","displayName":"Locale","description":""},"options":{"draftAndPublish":false},"pluginOptions":{"content-manager":{"visible":false},"content-type-builder":{"visible":false}},"attributes":{"name":{"type":"string","min":1,"max":50,"configurable":false},"code":{"type":"string","unique":true,"configurable":false},"createdAt":{"type":"datetime"},"updatedAt":{"type":"datetime"},"createdBy":{"type":"relation","relation":"oneToOne","target":"admin::user","configurable":false,"writable":false,"visible":false,"useJoinTable":false,"private":true},"updatedBy":{"type":"relation","relation":"oneToOne","target":"admin::user","configurable":false,"writable":false,"visible":false,"useJoinTable":false,"private":true}},"kind":"collectionType","__schema__":{"info":{"singularName":"locale","pluralName":"locales","collectionName":"locales","displayName":"Locale","description":""},"options":{"draftAndPublish":false},"pluginOptions":{"content-manager":{"visible":false},"content-type-builder":{"visible":false}},"attributes":{"name":{"type":"string","min":1,"max":50,"configurable":false},"code":{"type":"string","unique":true,"configurable":false}},"kind":"collectionType"},"modelType":"contentType","modelName":"locale","connection":"default","uid":"plugin::i18n.locale","plugin":"i18n","collectionName":"i18n_locale","globalId":"I18NLocale"},"api::commodity.commodity":{"kind":"collectionType","collectionName":"commodities","info":{"singularName":"commodity","pluralName":"commodities","displayName":"","description":""},"options":{"draftAndPublish":true},"pluginOptions":{"i18n":{"localized":true}},"attributes":{"name":{"pluginOptions":{"i18n":{"localized":true}},"type":"string","required":true},"description":{"pluginOptions":{"i18n":{"localized":true}},"type":"text"},"price":{"pluginOptions":{"i18n":{"localized":true}},"type":"integer"},"images":{"type":"media","multiple":true,"required":false,"allowedTypes":["images","files","videos","audios"],"pluginOptions":{"i18n":{"localized":true}}},"createdAt":{"type":"datetime"},"updatedAt":{"type":"datetime"},"publishedAt":{"type":"datetime","configurable":false,"writable":true,"visible":false},"createdBy":{"type":"relation","relation":"oneToOne","target":"admin::user","configurable":false,"writable":false,"visible":false,"useJoinTable":false,"private":true},"updatedBy":{"type":"relation","relation":"oneToOne","target":"admin::user","configurable":false,"writable":false,"visible":false,"useJoinTable":false,"private":true},"localizations":{"writable":true,"private":false,"configurable":false,"visible":false,"type":"relation","relation":"oneToMany","target":"api::commodity.commodity"},"locale":{"writable":true,"private":false,"configurable":false,"visible":false,"type":"string"}},"__schema__":{"collectionName":"commodities","info":{"singularName":"commodity","pluralName":"commodities","displayName":"","description":""},"options":{"draftAndPublish":true},"pluginOptions":{"i18n":{"localized":true}},"attributes":{"name":{"pluginOptions":{"i18n":{"localized":true}},"type":"string","required":true},"description":{"pluginOptions":{"i18n":{"localized":true}},"type":"text"},"price":{"pluginOptions":{"i18n":{"localized":true}},"type":"integer"},"images":{"type":"media","multiple":true,"required":false,"allowedTypes":["images","files","videos","audios"],"pluginOptions":{"i18n":{"localized":true}}}},"kind":"collectionType"},"modelType":"contentType","modelName":"commodity","connection":"default","uid":"api::commodity.commodity","apiName":"commodity","globalId":"Commodity","actions":{},"lifecycles":{}},"api::main.main":{"kind":"singleType","collectionName":"mains","info":{"singularName":"main","pluralName":"mains","displayName":" ","description":""},"options":{"draftAndPublish":false},"pluginOptions":{"i18n":{"localized":true}},"attributes":{"seo":{"type":"component","repeatable":false,"pluginOptions":{"i18n":{"localized":true}},"component":"seo.seo"},"block1":{"type":"component","repeatable":false,"pluginOptions":{"i18n":{"localized":true}},"component":"block.block-text-image"},"createdAt":{"type":"datetime"},"updatedAt":{"type":"datetime"},"createdBy":{"type":"relation","relation":"oneToOne","target":"admin::user","configurable":false,"writable":false,"visible":false,"useJoinTable":false,"private":true},"updatedBy":{"type":"relation","relation":"oneToOne","target":"admin::user","configurable":false,"writable":false,"visible":false,"useJoinTable":false,"private":true},"localizations":{"writable":true,"private":false,"configurable":false,"visible":false,"type":"relation","relation":"oneToMany","target":"api::main.main"},"locale":{"writable":true,"private":false,"configurable":false,"visible":false,"type":"string"}},"__schema__":{"collectionName":"mains","info":{"singularName":"main","pluralName":"mains","displayName":" ","description":""},"options":{"draftAndPublish":false},"pluginOptions":{"i18n":{"localized":true}},"attributes":{"seo":{"type":"component","repeatable":false,"pluginOptions":{"i18n":{"localized":true}},"component":"seo.seo"},"block1":{"type":"component","repeatable":false,"pluginOptions":{"i18n":{"localized":true}},"component":"block.block-text-image"}},"kind":"singleType"},"modelType":"contentType","modelName":"main","connection":"default","uid":"api::main.main","apiName":"main","globalId":"Main","actions":{},"lifecycles":{}},"api::product.product":{"kind":"singleType","collectionName":"products","info":{"singularName":"product","pluralName":"products","displayName":"C \\"\\"","description":""},"options":{"draftAndPublish":true},"pluginOptions":{"i18n":{"localized":true}},"attributes":{"block1":{"displayName":"blockWithTextOnly","type":"component","repeatable":false,"pluginOptions":{"i18n":{"localized":true}},"component":"block.block-with-text-only"},"seo":{"type":"component","repeatable":false,"pluginOptions":{"i18n":{"localized":true}},"component":"seo.seo"},"block2":{"type":"component","repeatable":false,"pluginOptions":{"i18n":{"localized":true}},"component":"block.block-with-text-only"},"statics":{"allowedTypes":["images","files","videos","audios"],"type":"media","multiple":true,"pluginOptions":{"i18n":{"localized":true}}},"createdAt":{"type":"datetime"},"updatedAt":{"type":"datetime"},"publishedAt":{"type":"datetime","configurable":false,"writable":true,"visible":false},"createdBy":{"type":"relation","relation":"oneToOne","target":"admin::user","configurable":false,"writable":false,"visible":false,"useJoinTable":false,"private":true},"updatedBy":{"type":"relation","relation":"oneToOne","target":"admin::user","configurable":false,"writable":false,"visible":false,"useJoinTable":false,"private":true},"localizations":{"writable":true,"private":false,"configurable":false,"visible":false,"type":"relation","relation":"oneToMany","target":"api::product.product"},"locale":{"writable":true,"private":false,"configurable":false,"visible":false,"type":"string"}},"__schema__":{"collectionName":"products","info":{"singularName":"product","pluralName":"products","displayName":"C \\"\\"","description":""},"options":{"draftAndPublish":true},"pluginOptions":{"i18n":{"localized":true}},"attributes":{"block1":{"displayName":"blockWithTextOnly","type":"component","repeatable":false,"pluginOptions":{"i18n":{"localized":true}},"component":"block.block-with-text-only"},"seo":{"type":"component","repeatable":false,"pluginOptions":{"i18n":{"localized":true}},"component":"seo.seo"},"block2":{"type":"component","repeatable":false,"pluginOptions":{"i18n":{"localized":true}},"component":"block.block-with-text-only"},"statics":{"allowedTypes":["images","files","videos","audios"],"type":"media","multiple":true,"pluginOptions":{"i18n":{"localized":true}}}},"kind":"singleType"},"modelType":"contentType","modelName":"product","connection":"default","uid":"api::product.product","apiName":"product","globalId":"Product","actions":{},"lifecycles":{}},"api::social.social":{"kind":"singleType","collectionName":"socials","info":{"singularName":"social","pluralName":"socials","displayName":" ","description":""},"options":{"draftAndPublish":true},"pluginOptions":{},"attributes":{"email":{"type":"email","required":true},"phone":{"type":"string","required":true},"socialNetworks":{"type":"component","repeatable":true,"component":"socials.social-networks"},"createdAt":{"type":"datetime"},"updatedAt":{"type":"datetime"},"publishedAt":{"type":"datetime","configurable":false,"writable":true,"visible":false},"createdBy":{"type":"relation","relation":"oneToOne","target":"admin::user","configurable":false,"writable":false,"visible":false,"useJoinTable":false,"private":true},"updatedBy":{"type":"relation","relation":"oneToOne","target":"admin::user","configurable":false,"writable":false,"visible":false,"useJoinTable":false,"private":true}},"__schema__":{"collectionName":"socials","info":{"singularName":"social","pluralName":"socials","displayName":" ","description":""},"options":{"draftAndPublish":true},"pluginOptions":{},"attributes":{"email":{"type":"email","required":true},"phone":{"type":"string","required":true},"socialNetworks":{"type":"component","repeatable":true,"component":"socials.social-networks"}},"kind":"singleType"},"modelType":"contentType","modelName":"social","connection":"default","uid":"api::social.social","apiName":"social","globalId":"Social","actions":{},"lifecycles":{}},"api::working-time.working-time":{"kind":"singleType","collectionName":"working_times","info":{"singularName":"working-time","pluralName":"working-times","displayName":" ","description":""},"options":{"draftAndPublish":true},"pluginOptions":{},"attributes":{"wotkingTime":{"type":"component","repeatable":true,"component":"socials.working-time"},"createdAt":{"type":"datetime"},"updatedAt":{"type":"datetime"},"publishedAt":{"type":"datetime","configurable":false,"writable":true,"visible":false},"createdBy":{"type":"relation","relation":"oneToOne","target":"admin::user","configurable":false,"writable":false,"visible":false,"useJoinTable":false,"private":true},"updatedBy":{"type":"relation","relation":"oneToOne","target":"admin::user","configurable":false,"writable":false,"visible":false,"useJoinTable":false,"private":true}},"__schema__":{"collectionName":"working_times","info":{"singularName":"working-time","pluralName":"working-times","displayName":" ","description":""},"options":{"draftAndPublish":true},"pluginOptions":{},"attributes":{"wotkingTime":{"type":"component","repeatable":true,"component":"socials.working-time"}},"kind":"singleType"},"modelType":"contentType","modelName":"working-time","connection":"default","uid":"api::working-time.working-time","apiName":"working-time","globalId":"WorkingTime","actions":{},"lifecycles":{}}}	object	\N	\N
8	plugin_content_manager_configuration_content_types::admin::transfer-token-permission	{"uid":"admin::transfer-token-permission","settings":{"bulkable":true,"filterable":true,"searchable":true,"pageSize":10,"mainField":"action","defaultSortBy":"action","defaultSortOrder":"ASC"},"metadatas":{"id":{"edit":{},"list":{"label":"id","searchable":true,"sortable":true}},"action":{"edit":{"label":"action","description":"","placeholder":"","visible":true,"editable":true},"list":{"label":"action","searchable":true,"sortable":true}},"token":{"edit":{"label":"token","description":"","placeholder":"","visible":true,"editable":true,"mainField":"name"},"list":{"label":"token","searchable":true,"sortable":true}},"createdAt":{"edit":{"label":"createdAt","description":"","placeholder":"","visible":false,"editable":true},"list":{"label":"createdAt","searchable":true,"sortable":true}},"updatedAt":{"edit":{"label":"updatedAt","description":"","placeholder":"","visible":false,"editable":true},"list":{"label":"updatedAt","searchable":true,"sortable":true}}},"layouts":{"list":["id","action","token","createdAt"],"edit":[[{"name":"action","size":6},{"name":"token","size":6}]]}}	object	\N	\N
47	plugin_content_manager_configuration_content_types::api::commodity.commodity	{"uid":"api::commodity.commodity","settings":{"bulkable":true,"filterable":true,"searchable":true,"pageSize":10,"mainField":"name","defaultSortBy":"name","defaultSortOrder":"ASC"},"metadatas":{"id":{"edit":{},"list":{"label":"id","searchable":true,"sortable":true}},"name":{"edit":{"label":"name","description":"","placeholder":"","visible":true,"editable":true},"list":{"label":"name","searchable":true,"sortable":true}},"description":{"edit":{"label":"description","description":"","placeholder":"","visible":true,"editable":true},"list":{"label":"description","searchable":true,"sortable":true}},"price":{"edit":{"label":"price","description":"","placeholder":"","visible":true,"editable":true},"list":{"label":"price","searchable":true,"sortable":true}},"images":{"edit":{"label":"images","description":"","placeholder":"","visible":true,"editable":true},"list":{"label":"images","searchable":false,"sortable":false}},"createdAt":{"edit":{"label":"createdAt","description":"","placeholder":"","visible":false,"editable":true},"list":{"label":"createdAt","searchable":true,"sortable":true}},"updatedAt":{"edit":{"label":"updatedAt","description":"","placeholder":"","visible":false,"editable":true},"list":{"label":"updatedAt","searchable":true,"sortable":true}}},"layouts":{"list":["id","name","description","price"],"edit":[[{"name":"name","size":6},{"name":"description","size":6}],[{"name":"price","size":4},{"name":"images","size":6}]]}}	object	\N	\N
37	plugin_content_manager_configuration_content_types::api::social.social	{"uid":"api::social.social","settings":{"bulkable":true,"filterable":true,"searchable":true,"pageSize":10,"mainField":"id","defaultSortBy":"id","defaultSortOrder":"ASC"},"metadatas":{"id":{"edit":{},"list":{"label":"id","searchable":true,"sortable":true}},"email":{"edit":{"label":"email","description":"","placeholder":"","visible":true,"editable":true},"list":{"label":"email","searchable":true,"sortable":true}},"phone":{"edit":{"label":"phone","description":"","placeholder":"","visible":true,"editable":true},"list":{"label":"phone","searchable":true,"sortable":true}},"socialNetworks":{"edit":{"label":"socialNetworks","description":"","placeholder":"","visible":true,"editable":true},"list":{"label":"socialNetworks","searchable":false,"sortable":false}},"createdAt":{"edit":{"label":"createdAt","description":"","placeholder":"","visible":false,"editable":true},"list":{"label":"createdAt","searchable":true,"sortable":true}},"updatedAt":{"edit":{"label":"updatedAt","description":"","placeholder":"","visible":false,"editable":true},"list":{"label":"updatedAt","searchable":true,"sortable":true}}},"layouts":{"list":["id","createdAt","updatedAt","email"],"edit":[[{"name":"email","size":6},{"name":"phone","size":6}],[{"name":"socialNetworks","size":12}]]}}	object	\N	\N
45	plugin_content_manager_configuration_components::block.block-with-text-only	{"uid":"block.block-with-text-only","settings":{"bulkable":true,"filterable":true,"searchable":true,"pageSize":10,"mainField":"title","defaultSortBy":"title","defaultSortOrder":"ASC"},"metadatas":{"id":{"edit":{},"list":{"label":"id","searchable":false,"sortable":false}},"title":{"edit":{"label":"title","description":"","placeholder":"","visible":true,"editable":true},"list":{"label":"title","searchable":true,"sortable":true}},"description":{"edit":{"label":"description","description":"","placeholder":"","visible":true,"editable":true},"list":{"label":"description","searchable":false,"sortable":false}}},"layouts":{"list":["id","title"],"edit":[[{"name":"title","size":12}],[{"name":"description","size":12}]]},"isComponent":true}	object	\N	\N
11	plugin_content_manager_configuration_content_types::plugin::users-permissions.permission	{"uid":"plugin::users-permissions.permission","settings":{"bulkable":true,"filterable":true,"searchable":true,"pageSize":10,"mainField":"action","defaultSortBy":"action","defaultSortOrder":"ASC"},"metadatas":{"id":{"edit":{},"list":{"label":"id","searchable":true,"sortable":true}},"action":{"edit":{"label":"action","description":"","placeholder":"","visible":true,"editable":true},"list":{"label":"action","searchable":true,"sortable":true}},"role":{"edit":{"label":"role","description":"","placeholder":"","visible":true,"editable":true,"mainField":"name"},"list":{"label":"role","searchable":true,"sortable":true}},"createdAt":{"edit":{"label":"createdAt","description":"","placeholder":"","visible":false,"editable":true},"list":{"label":"createdAt","searchable":true,"sortable":true}},"updatedAt":{"edit":{"label":"updatedAt","description":"","placeholder":"","visible":false,"editable":true},"list":{"label":"updatedAt","searchable":true,"sortable":true}}},"layouts":{"list":["id","action","role","createdAt"],"edit":[[{"name":"action","size":6},{"name":"role","size":6}]]}}	object	\N	\N
12	plugin_content_manager_configuration_content_types::plugin::i18n.locale	{"uid":"plugin::i18n.locale","settings":{"bulkable":true,"filterable":true,"searchable":true,"pageSize":10,"mainField":"name","defaultSortBy":"name","defaultSortOrder":"ASC"},"metadatas":{"id":{"edit":{},"list":{"label":"id","searchable":true,"sortable":true}},"name":{"edit":{"label":"name","description":"","placeholder":"","visible":true,"editable":true},"list":{"label":"name","searchable":true,"sortable":true}},"code":{"edit":{"label":"code","description":"","placeholder":"","visible":true,"editable":true},"list":{"label":"code","searchable":true,"sortable":true}},"createdAt":{"edit":{"label":"createdAt","description":"","placeholder":"","visible":false,"editable":true},"list":{"label":"createdAt","searchable":true,"sortable":true}},"updatedAt":{"edit":{"label":"updatedAt","description":"","placeholder":"","visible":false,"editable":true},"list":{"label":"updatedAt","searchable":true,"sortable":true}}},"layouts":{"list":["id","name","code","createdAt"],"edit":[[{"name":"name","size":6},{"name":"code","size":6}]]}}	object	\N	\N
13	plugin_content_manager_configuration_content_types::plugin::users-permissions.role	{"uid":"plugin::users-permissions.role","settings":{"bulkable":true,"filterable":true,"searchable":true,"pageSize":10,"mainField":"name","defaultSortBy":"name","defaultSortOrder":"ASC"},"metadatas":{"id":{"edit":{},"list":{"label":"id","searchable":true,"sortable":true}},"name":{"edit":{"label":"name","description":"","placeholder":"","visible":true,"editable":true},"list":{"label":"name","searchable":true,"sortable":true}},"description":{"edit":{"label":"description","description":"","placeholder":"","visible":true,"editable":true},"list":{"label":"description","searchable":true,"sortable":true}},"type":{"edit":{"label":"type","description":"","placeholder":"","visible":true,"editable":true},"list":{"label":"type","searchable":true,"sortable":true}},"permissions":{"edit":{"label":"permissions","description":"","placeholder":"","visible":true,"editable":true,"mainField":"action"},"list":{"label":"permissions","searchable":false,"sortable":false}},"users":{"edit":{"label":"users","description":"","placeholder":"","visible":true,"editable":true,"mainField":"username"},"list":{"label":"users","searchable":false,"sortable":false}},"createdAt":{"edit":{"label":"createdAt","description":"","placeholder":"","visible":false,"editable":true},"list":{"label":"createdAt","searchable":true,"sortable":true}},"updatedAt":{"edit":{"label":"updatedAt","description":"","placeholder":"","visible":false,"editable":true},"list":{"label":"updatedAt","searchable":true,"sortable":true}}},"layouts":{"list":["id","name","description","type"],"edit":[[{"name":"name","size":6},{"name":"description","size":6}],[{"name":"type","size":6},{"name":"permissions","size":6}],[{"name":"users","size":6}]]}}	object	\N	\N
43	plugin_content_manager_configuration_components::socials.working-time	{"uid":"socials.working-time","settings":{"bulkable":true,"filterable":true,"searchable":true,"pageSize":10,"mainField":"day","defaultSortBy":"day","defaultSortOrder":"ASC"},"metadatas":{"id":{"edit":{},"list":{"label":"id","searchable":false,"sortable":false}},"day":{"edit":{"label":"day","description":"","placeholder":"","visible":true,"editable":true},"list":{"label":"day","searchable":true,"sortable":true}},"time":{"edit":{"label":"time","description":"","placeholder":"","visible":true,"editable":true},"list":{"label":"time","searchable":true,"sortable":true}}},"layouts":{"list":["id","day","time"],"edit":[[{"name":"day","size":6},{"name":"time","size":6}]]},"isComponent":true}	object	\N	\N
36	plugin_content_manager_configuration_components::socials.social-networks	{"uid":"socials.social-networks","settings":{"bulkable":true,"filterable":true,"searchable":true,"pageSize":10,"mainField":"name","defaultSortBy":"name","defaultSortOrder":"ASC"},"metadatas":{"id":{"edit":{},"list":{"label":"id","searchable":false,"sortable":false}},"name":{"edit":{"label":"name","description":"  ","placeholder":"","visible":true,"editable":true},"list":{"label":"name","searchable":true,"sortable":true}},"link":{"edit":{"label":"link","description":"   ","placeholder":"","visible":true,"editable":true},"list":{"label":"link","searchable":true,"sortable":true}},"title":{"edit":{"label":"title","description":"","placeholder":"","visible":true,"editable":true},"list":{"label":"title","searchable":true,"sortable":true}}},"layouts":{"list":["id","name","link","title"],"edit":[[{"name":"name","size":6},{"name":"link","size":6}],[{"name":"title","size":6}]]},"isComponent":true}	object	\N	\N
14	plugin_content_manager_configuration_content_types::plugin::users-permissions.user	{"uid":"plugin::users-permissions.user","settings":{"bulkable":true,"filterable":true,"searchable":true,"pageSize":10,"mainField":"username","defaultSortBy":"username","defaultSortOrder":"ASC"},"metadatas":{"id":{"edit":{},"list":{"label":"id","searchable":true,"sortable":true}},"username":{"edit":{"label":"username","description":"","placeholder":"","visible":true,"editable":true},"list":{"label":"username","searchable":true,"sortable":true}},"email":{"edit":{"label":"email","description":"","placeholder":"","visible":true,"editable":true},"list":{"label":"email","searchable":true,"sortable":true}},"provider":{"edit":{"label":"provider","description":"","placeholder":"","visible":false,"editable":true},"list":{"label":"provider","searchable":true,"sortable":true}},"password":{"edit":{"label":"password","description":"","placeholder":"","visible":true,"editable":true},"list":{"label":"password","searchable":true,"sortable":true}},"resetPasswordToken":{"edit":{"label":"resetPasswordToken","description":"","placeholder":"","visible":false,"editable":true},"list":{"label":"resetPasswordToken","searchable":true,"sortable":true}},"confirmationToken":{"edit":{"label":"confirmationToken","description":"","placeholder":"","visible":false,"editable":true},"list":{"label":"confirmationToken","searchable":true,"sortable":true}},"confirmed":{"edit":{"label":"confirmed","description":"","placeholder":"","visible":true,"editable":true},"list":{"label":"confirmed","searchable":true,"sortable":true}},"blocked":{"edit":{"label":"blocked","description":"","placeholder":"","visible":true,"editable":true},"list":{"label":"blocked","searchable":true,"sortable":true}},"role":{"edit":{"label":"role","description":"","placeholder":"","visible":true,"editable":true,"mainField":"name"},"list":{"label":"role","searchable":true,"sortable":true}},"createdAt":{"edit":{"label":"createdAt","description":"","placeholder":"","visible":false,"editable":true},"list":{"label":"createdAt","searchable":true,"sortable":true}},"updatedAt":{"edit":{"label":"updatedAt","description":"","placeholder":"","visible":false,"editable":true},"list":{"label":"updatedAt","searchable":true,"sortable":true}}},"layouts":{"list":["id","username","email","confirmed"],"edit":[[{"name":"username","size":6},{"name":"email","size":6}],[{"name":"password","size":6},{"name":"confirmed","size":4}],[{"name":"blocked","size":4},{"name":"role","size":6}]]}}	object	\N	\N
44	plugin_content_manager_configuration_content_types::api::working-time.working-time	{"uid":"api::working-time.working-time","settings":{"bulkable":true,"filterable":true,"searchable":true,"pageSize":10,"mainField":"id","defaultSortBy":"id","defaultSortOrder":"ASC"},"metadatas":{"id":{"edit":{},"list":{"label":"id","searchable":true,"sortable":true}},"wotkingTime":{"edit":{"label":"wotkingTime","description":"","placeholder":"","visible":true,"editable":true},"list":{"label":"wotkingTime","searchable":false,"sortable":false}},"createdAt":{"edit":{"label":"createdAt","description":"","placeholder":"","visible":false,"editable":true},"list":{"label":"createdAt","searchable":true,"sortable":true}},"updatedAt":{"edit":{"label":"updatedAt","description":"","placeholder":"","visible":false,"editable":true},"list":{"label":"updatedAt","searchable":true,"sortable":true}}},"layouts":{"list":["id","wotkingTime","createdAt","updatedAt"],"edit":[[{"name":"wotkingTime","size":12}]]}}	object	\N	\N
46	plugin_content_manager_configuration_content_types::api::product.product	{"uid":"api::product.product","settings":{"bulkable":true,"filterable":true,"searchable":true,"pageSize":10,"mainField":"id","defaultSortBy":"id","defaultSortOrder":"ASC"},"metadatas":{"id":{"edit":{},"list":{"label":"id","searchable":true,"sortable":true}},"block1":{"edit":{"label":"block1","description":"","placeholder":"","visible":true,"editable":true},"list":{"label":"block1","searchable":false,"sortable":false}},"seo":{"edit":{"label":"seo","description":"","placeholder":"","visible":true,"editable":true},"list":{"label":"seo","searchable":false,"sortable":false}},"block2":{"edit":{"label":"block2","description":"","placeholder":"","visible":true,"editable":true},"list":{"label":"block2","searchable":false,"sortable":false}},"statics":{"edit":{"label":"statics","description":"","placeholder":"","visible":true,"editable":true},"list":{"label":"statics","searchable":false,"sortable":false}},"createdAt":{"edit":{"label":"createdAt","description":"","placeholder":"","visible":false,"editable":true},"list":{"label":"createdAt","searchable":true,"sortable":true}},"updatedAt":{"edit":{"label":"updatedAt","description":"","placeholder":"","visible":false,"editable":true},"list":{"label":"updatedAt","searchable":true,"sortable":true}}},"layouts":{"list":["id","block1","createdAt","updatedAt"],"edit":[[{"name":"block1","size":12}],[{"name":"block2","size":12}],[{"name":"seo","size":12}],[{"name":"statics","size":6}]]}}	object	\N	\N
15	plugin_upload_settings	{"sizeOptimization":true,"responsiveDimensions":true,"autoOrientation":false}	object	\N	\N
16	plugin_upload_view_configuration	{"pageSize":10,"sort":"createdAt:DESC"}	object	\N	\N
18	plugin_users-permissions_grant	{"email":{"enabled":true,"icon":"envelope"},"discord":{"enabled":false,"icon":"discord","key":"","secret":"","callback":"api/auth/discord/callback","scope":["identify","email"]},"facebook":{"enabled":false,"icon":"facebook-square","key":"","secret":"","callback":"api/auth/facebook/callback","scope":["email"]},"google":{"enabled":false,"icon":"google","key":"","secret":"","callback":"api/auth/google/callback","scope":["email"]},"github":{"enabled":false,"icon":"github","key":"","secret":"","callback":"api/auth/github/callback","scope":["user","user:email"]},"microsoft":{"enabled":false,"icon":"windows","key":"","secret":"","callback":"api/auth/microsoft/callback","scope":["user.read"]},"twitter":{"enabled":false,"icon":"twitter","key":"","secret":"","callback":"api/auth/twitter/callback"},"instagram":{"enabled":false,"icon":"instagram","key":"","secret":"","callback":"api/auth/instagram/callback","scope":["user_profile"]},"vk":{"enabled":false,"icon":"vk","key":"","secret":"","callback":"api/auth/vk/callback","scope":["email"]},"twitch":{"enabled":false,"icon":"twitch","key":"","secret":"","callback":"api/auth/twitch/callback","scope":["user:read:email"]},"linkedin":{"enabled":false,"icon":"linkedin","key":"","secret":"","callback":"api/auth/linkedin/callback","scope":["r_liteprofile","r_emailaddress"]},"cognito":{"enabled":false,"icon":"aws","key":"","secret":"","subdomain":"my.subdomain.com","callback":"api/auth/cognito/callback","scope":["email","openid","profile"]},"reddit":{"enabled":false,"icon":"reddit","key":"","secret":"","state":true,"callback":"api/auth/reddit/callback","scope":["identity"]},"auth0":{"enabled":false,"icon":"","key":"","secret":"","subdomain":"my-tenant.eu","callback":"api/auth/auth0/callback","scope":["openid","email","profile"]},"cas":{"enabled":false,"icon":"book","key":"","secret":"","callback":"api/auth/cas/callback","scope":["openid email"],"subdomain":"my.subdomain.com/cas"},"patreon":{"enabled":false,"icon":"","key":"","secret":"","callback":"api/auth/patreon/callback","scope":["identity","identity[email]"]}}	object	\N	\N
19	plugin_users-permissions_email	{"reset_password":{"display":"Email.template.reset_password","icon":"sync","options":{"from":{"name":"Administration Panel","email":"no-reply@strapi.io"},"response_email":"","object":"Reset password","message":"<p>We heard that you lost your password. Sorry about that!</p>\\n\\n<p>But dont worry! You can use the following link to reset your password:</p>\\n<p><%= URL %>?code=<%= TOKEN %></p>\\n\\n<p>Thanks.</p>"}},"email_confirmation":{"display":"Email.template.email_confirmation","icon":"check-square","options":{"from":{"name":"Administration Panel","email":"no-reply@strapi.io"},"response_email":"","object":"Account confirmation","message":"<p>Thank you for registering!</p>\\n\\n<p>You have to confirm your email address. Please click on the link below.</p>\\n\\n<p><%= URL %>?confirmation=<%= CODE %></p>\\n\\n<p>Thanks.</p>"}}}	object	\N	\N
20	plugin_users-permissions_advanced	{"unique_email":true,"allow_register":true,"email_confirmation":false,"email_reset_password":null,"email_confirmation_redirection":null,"default_role":"authenticated"}	object	\N	\N
17	plugin_upload_metrics	{"weeklySchedule":"52 6 13 * * 6","lastWeeklyUpdate":1683972412046}	object	\N	\N
21	plugin_i18n_default_locale	"ru"	string	\N	\N
40	plugin_content_manager_configuration_components::block.block-text-image	{"uid":"block.block-text-image","settings":{"bulkable":true,"filterable":true,"searchable":true,"pageSize":10,"mainField":"title","defaultSortBy":"title","defaultSortOrder":"ASC"},"metadatas":{"id":{"edit":{},"list":{"label":"id","searchable":false,"sortable":false}},"title":{"edit":{"label":"title","description":"","placeholder":"","visible":true,"editable":true},"list":{"label":"title","searchable":true,"sortable":true}},"description":{"edit":{"label":"description","description":"","placeholder":"","visible":true,"editable":true},"list":{"label":"description","searchable":false,"sortable":false}},"image":{"edit":{"label":"image","description":"","placeholder":"","visible":true,"editable":true},"list":{"label":"image","searchable":false,"sortable":false}}},"layouts":{"list":["id","title","image"],"edit":[[{"name":"title","size":6}],[{"name":"description","size":12}],[{"name":"image","size":6}]]},"isComponent":true}	object	\N	\N
22	core_admin_auth	{"providers":{"autoRegister":false,"defaultRole":null}}	object	\N	\N
31	plugin_content_manager_configuration_components::seo.seo	{"uid":"seo.seo","settings":{"bulkable":true,"filterable":true,"searchable":true,"pageSize":10,"mainField":"title","defaultSortBy":"title","defaultSortOrder":"ASC"},"metadatas":{"id":{"edit":{},"list":{"label":"id","searchable":false,"sortable":false}},"title":{"edit":{"label":"title","description":"    ","placeholder":"","visible":true,"editable":true},"list":{"label":"title","searchable":true,"sortable":true}},"meta":{"edit":{"label":"meta","description":"","placeholder":"","visible":true,"editable":true},"list":{"label":"meta","searchable":false,"sortable":false}}},"layouts":{"list":["id","title","meta"],"edit":[[{"name":"title","size":12}],[{"name":"meta","size":12}]]},"isComponent":true}	object	\N	\N
32	plugin_content_manager_configuration_content_types::api::main.main	{"uid":"api::main.main","settings":{"bulkable":true,"filterable":true,"searchable":true,"pageSize":10,"mainField":"id","defaultSortBy":"id","defaultSortOrder":"ASC"},"metadatas":{"id":{"edit":{},"list":{"label":"id","searchable":true,"sortable":true}},"seo":{"edit":{"label":"seo","description":"","placeholder":"","visible":true,"editable":true},"list":{"label":"seo","searchable":false,"sortable":false}},"block1":{"edit":{"label":"block1","description":"","placeholder":"","visible":true,"editable":true},"list":{"label":"block1","searchable":false,"sortable":false}},"createdAt":{"edit":{"label":"createdAt","description":"","placeholder":"","visible":false,"editable":true},"list":{"label":"createdAt","searchable":true,"sortable":true}},"updatedAt":{"edit":{"label":"updatedAt","description":"","placeholder":"","visible":false,"editable":true},"list":{"label":"updatedAt","searchable":true,"sortable":true}}},"layouts":{"edit":[[{"name":"block1","size":12}],[{"name":"seo","size":12}]],"list":["id","seo","createdAt","updatedAt"]}}	object	\N	\N
33	plugin_content_manager_configuration_components::seo.meta	{"uid":"seo.meta","settings":{"bulkable":true,"filterable":true,"searchable":true,"pageSize":10,"mainField":"name","defaultSortBy":"name","defaultSortOrder":"ASC"},"metadatas":{"id":{"edit":{},"list":{"label":"id","searchable":false,"sortable":false}},"name":{"edit":{"label":"name","description":"      ","placeholder":"","visible":true,"editable":true},"list":{"label":"name","searchable":true,"sortable":true}},"content":{"edit":{"label":"content","description":" ","placeholder":"","visible":true,"editable":true},"list":{"label":"content","searchable":true,"sortable":true}}},"layouts":{"list":["id","name","content"],"edit":[[{"name":"name","size":12}],[{"name":"content","size":12}]]},"isComponent":true}	object	\N	\N
9	plugin_content_manager_configuration_content_types::plugin::upload.folder	{"uid":"plugin::upload.folder","settings":{"bulkable":true,"filterable":true,"searchable":true,"pageSize":10,"mainField":"name","defaultSortBy":"name","defaultSortOrder":"ASC"},"metadatas":{"id":{"edit":{},"list":{"label":"id","searchable":true,"sortable":true}},"name":{"edit":{"label":"name","description":"","placeholder":"","visible":true,"editable":true},"list":{"label":"name","searchable":true,"sortable":true}},"pathId":{"edit":{"label":"pathId","description":"","placeholder":"","visible":true,"editable":true},"list":{"label":"pathId","searchable":true,"sortable":true}},"parent":{"edit":{"label":"parent","description":"","placeholder":"","visible":true,"editable":true,"mainField":"name"},"list":{"label":"parent","searchable":true,"sortable":true}},"children":{"edit":{"label":"children","description":"","placeholder":"","visible":true,"editable":true,"mainField":"name"},"list":{"label":"children","searchable":false,"sortable":false}},"files":{"edit":{"label":"files","description":"","placeholder":"","visible":true,"editable":true,"mainField":"name"},"list":{"label":"files","searchable":false,"sortable":false}},"path":{"edit":{"label":"path","description":"","placeholder":"","visible":true,"editable":true},"list":{"label":"path","searchable":true,"sortable":true}},"createdAt":{"edit":{"label":"createdAt","description":"","placeholder":"","visible":false,"editable":true},"list":{"label":"createdAt","searchable":true,"sortable":true}},"updatedAt":{"edit":{"label":"updatedAt","description":"","placeholder":"","visible":false,"editable":true},"list":{"label":"updatedAt","searchable":true,"sortable":true}}},"layouts":{"list":["id","name","pathId","parent"],"edit":[[{"name":"name","size":6},{"name":"pathId","size":4}],[{"name":"parent","size":6},{"name":"children","size":6}],[{"name":"files","size":6},{"name":"path","size":6}]]}}	object	\N	\N
\.


--
-- Data for Name: strapi_database_schema; Type: TABLE DATA; Schema: public; Owner: codeteam
--

COPY public.strapi_database_schema (id, schema, "time", hash) FROM stdin;
57	{"tables":[{"name":"strapi_core_store_settings","indexes":[],"foreignKeys":[],"columns":[{"name":"id","type":"increments","args":[{"primary":true,"primaryKey":true}],"defaultTo":null,"notNullable":true,"unsigned":false},{"name":"key","type":"string","args":[],"defaultTo":null,"notNullable":false,"unsigned":false},{"name":"value","type":"text","args":["longtext"],"defaultTo":null,"notNullable":false,"unsigned":false},{"name":"type","type":"string","args":[],"defaultTo":null,"notNullable":false,"unsigned":false},{"name":"environment","type":"string","args":[],"defaultTo":null,"notNullable":false,"unsigned":false},{"name":"tag","type":"string","args":[],"defaultTo":null,"notNullable":false,"unsigned":false}]},{"name":"strapi_webhooks","indexes":[],"foreignKeys":[],"columns":[{"name":"id","type":"increments","args":[{"primary":true,"primaryKey":true}],"defaultTo":null,"notNullable":true,"unsigned":false},{"name":"name","type":"string","args":[],"defaultTo":null,"notNullable":false,"unsigned":false},{"name":"url","type":"text","args":["longtext"],"defaultTo":null,"notNullable":false,"unsigned":false},{"name":"headers","type":"jsonb","args":[],"defaultTo":null,"notNullable":false,"unsigned":false},{"name":"events","type":"jsonb","args":[],"defaultTo":null,"notNullable":false,"unsigned":false},{"name":"enabled","type":"boolean","args":[],"defaultTo":null,"notNullable":false,"unsigned":false}]},{"name":"admin_permissions","indexes":[{"name":"admin_permissions_created_by_id_fk","columns":["created_by_id"]},{"name":"admin_permissions_updated_by_id_fk","columns":["updated_by_id"]}],"foreignKeys":[{"name":"admin_permissions_created_by_id_fk","columns":["created_by_id"],"referencedTable":"admin_users","referencedColumns":["id"],"onDelete":"SET NULL"},{"name":"admin_permissions_updated_by_id_fk","columns":["updated_by_id"],"referencedTable":"admin_users","referencedColumns":["id"],"onDelete":"SET NULL"}],"columns":[{"name":"id","type":"increments","args":[{"primary":true,"primaryKey":true}],"defaultTo":null,"notNullable":true,"unsigned":false},{"name":"action","type":"string","args":[],"defaultTo":null,"notNullable":false,"unsigned":false},{"name":"subject","type":"string","args":[],"defaultTo":null,"notNullable":false,"unsigned":false},{"name":"properties","type":"jsonb","args":[],"defaultTo":null,"notNullable":false,"unsigned":false},{"name":"conditions","type":"jsonb","args":[],"defaultTo":null,"notNullable":false,"unsigned":false},{"name":"created_at","type":"datetime","args":[{"useTz":false,"precision":6}],"defaultTo":null,"notNullable":false,"unsigned":false},{"name":"updated_at","type":"datetime","args":[{"useTz":false,"precision":6}],"defaultTo":null,"notNullable":false,"unsigned":false},{"name":"created_by_id","type":"integer","args":[],"defaultTo":null,"notNullable":false,"unsigned":true},{"name":"updated_by_id","type":"integer","args":[],"defaultTo":null,"notNullable":false,"unsigned":true}]},{"name":"admin_users","indexes":[{"name":"admin_users_created_by_id_fk","columns":["created_by_id"]},{"name":"admin_users_updated_by_id_fk","columns":["updated_by_id"]}],"foreignKeys":[{"name":"admin_users_created_by_id_fk","columns":["created_by_id"],"referencedTable":"admin_users","referencedColumns":["id"],"onDelete":"SET NULL"},{"name":"admin_users_updated_by_id_fk","columns":["updated_by_id"],"referencedTable":"admin_users","referencedColumns":["id"],"onDelete":"SET NULL"}],"columns":[{"name":"id","type":"increments","args":[{"primary":true,"primaryKey":true}],"defaultTo":null,"notNullable":true,"unsigned":false},{"name":"firstname","type":"string","args":[],"defaultTo":null,"notNullable":false,"unsigned":false},{"name":"lastname","type":"string","args":[],"defaultTo":null,"notNullable":false,"unsigned":false},{"name":"username","type":"string","args":[],"defaultTo":null,"notNullable":false,"unsigned":false},{"name":"email","type":"string","args":[],"defaultTo":null,"notNullable":false,"unsigned":false},{"name":"password","type":"string","args":[],"defaultTo":null,"notNullable":false,"unsigned":false},{"name":"reset_password_token","type":"string","args":[],"defaultTo":null,"notNullable":false,"unsigned":false},{"name":"registration_token","type":"string","args":[],"defaultTo":null,"notNullable":false,"unsigned":false},{"name":"is_active","type":"boolean","args":[],"defaultTo":null,"notNullable":false,"unsigned":false},{"name":"blocked","type":"boolean","args":[],"defaultTo":null,"notNullable":false,"unsigned":false},{"name":"prefered_language","type":"string","args":[],"defaultTo":null,"notNullable":false,"unsigned":false},{"name":"created_at","type":"datetime","args":[{"useTz":false,"precision":6}],"defaultTo":null,"notNullable":false,"unsigned":false},{"name":"updated_at","type":"datetime","args":[{"useTz":false,"precision":6}],"defaultTo":null,"notNullable":false,"unsigned":false},{"name":"created_by_id","type":"integer","args":[],"defaultTo":null,"notNullable":false,"unsigned":true},{"name":"updated_by_id","type":"integer","args":[],"defaultTo":null,"notNullable":false,"unsigned":true}]},{"name":"admin_roles","indexes":[{"name":"admin_roles_created_by_id_fk","columns":["created_by_id"]},{"name":"admin_roles_updated_by_id_fk","columns":["updated_by_id"]}],"foreignKeys":[{"name":"admin_roles_created_by_id_fk","columns":["created_by_id"],"referencedTable":"admin_users","referencedColumns":["id"],"onDelete":"SET NULL"},{"name":"admin_roles_updated_by_id_fk","columns":["updated_by_id"],"referencedTable":"admin_users","referencedColumns":["id"],"onDelete":"SET NULL"}],"columns":[{"name":"id","type":"increments","args":[{"primary":true,"primaryKey":true}],"defaultTo":null,"notNullable":true,"unsigned":false},{"name":"name","type":"string","args":[],"defaultTo":null,"notNullable":false,"unsigned":false},{"name":"code","type":"string","args":[],"defaultTo":null,"notNullable":false,"unsigned":false},{"name":"description","type":"string","args":[],"defaultTo":null,"notNullable":false,"unsigned":false},{"name":"created_at","type":"datetime","args":[{"useTz":false,"precision":6}],"defaultTo":null,"notNullable":false,"unsigned":false},{"name":"updated_at","type":"datetime","args":[{"useTz":false,"precision":6}],"defaultTo":null,"notNullable":false,"unsigned":false},{"name":"created_by_id","type":"integer","args":[],"defaultTo":null,"notNullable":false,"unsigned":true},{"name":"updated_by_id","type":"integer","args":[],"defaultTo":null,"notNullable":false,"unsigned":true}]},{"name":"strapi_api_tokens","indexes":[{"name":"strapi_api_tokens_created_by_id_fk","columns":["created_by_id"]},{"name":"strapi_api_tokens_updated_by_id_fk","columns":["updated_by_id"]}],"foreignKeys":[{"name":"strapi_api_tokens_created_by_id_fk","columns":["created_by_id"],"referencedTable":"admin_users","referencedColumns":["id"],"onDelete":"SET NULL"},{"name":"strapi_api_tokens_updated_by_id_fk","columns":["updated_by_id"],"referencedTable":"admin_users","referencedColumns":["id"],"onDelete":"SET NULL"}],"columns":[{"name":"id","type":"increments","args":[{"primary":true,"primaryKey":true}],"defaultTo":null,"notNullable":true,"unsigned":false},{"name":"name","type":"string","args":[],"defaultTo":null,"notNullable":false,"unsigned":false},{"name":"description","type":"string","args":[],"defaultTo":null,"notNullable":false,"unsigned":false},{"name":"type","type":"string","args":[],"defaultTo":null,"notNullable":false,"unsigned":false},{"name":"access_key","type":"string","args":[],"defaultTo":null,"notNullable":false,"unsigned":false},{"name":"last_used_at","type":"datetime","args":[{"useTz":false,"precision":6}],"defaultTo":null,"notNullable":false,"unsigned":false},{"name":"expires_at","type":"datetime","args":[{"useTz":false,"precision":6}],"defaultTo":null,"notNullable":false,"unsigned":false},{"name":"lifespan","type":"bigInteger","args":[],"defaultTo":null,"notNullable":false,"unsigned":false},{"name":"created_at","type":"datetime","args":[{"useTz":false,"precision":6}],"defaultTo":null,"notNullable":false,"unsigned":false},{"name":"updated_at","type":"datetime","args":[{"useTz":false,"precision":6}],"defaultTo":null,"notNullable":false,"unsigned":false},{"name":"created_by_id","type":"integer","args":[],"defaultTo":null,"notNullable":false,"unsigned":true},{"name":"updated_by_id","type":"integer","args":[],"defaultTo":null,"notNullable":false,"unsigned":true}]},{"name":"strapi_api_token_permissions","indexes":[{"name":"strapi_api_token_permissions_created_by_id_fk","columns":["created_by_id"]},{"name":"strapi_api_token_permissions_updated_by_id_fk","columns":["updated_by_id"]}],"foreignKeys":[{"name":"strapi_api_token_permissions_created_by_id_fk","columns":["created_by_id"],"referencedTable":"admin_users","referencedColumns":["id"],"onDelete":"SET NULL"},{"name":"strapi_api_token_permissions_updated_by_id_fk","columns":["updated_by_id"],"referencedTable":"admin_users","referencedColumns":["id"],"onDelete":"SET NULL"}],"columns":[{"name":"id","type":"increments","args":[{"primary":true,"primaryKey":true}],"defaultTo":null,"notNullable":true,"unsigned":false},{"name":"action","type":"string","args":[],"defaultTo":null,"notNullable":false,"unsigned":false},{"name":"created_at","type":"datetime","args":[{"useTz":false,"precision":6}],"defaultTo":null,"notNullable":false,"unsigned":false},{"name":"updated_at","type":"datetime","args":[{"useTz":false,"precision":6}],"defaultTo":null,"notNullable":false,"unsigned":false},{"name":"created_by_id","type":"integer","args":[],"defaultTo":null,"notNullable":false,"unsigned":true},{"name":"updated_by_id","type":"integer","args":[],"defaultTo":null,"notNullable":false,"unsigned":true}]},{"name":"strapi_transfer_tokens","indexes":[{"name":"strapi_transfer_tokens_created_by_id_fk","columns":["created_by_id"]},{"name":"strapi_transfer_tokens_updated_by_id_fk","columns":["updated_by_id"]}],"foreignKeys":[{"name":"strapi_transfer_tokens_created_by_id_fk","columns":["created_by_id"],"referencedTable":"admin_users","referencedColumns":["id"],"onDelete":"SET NULL"},{"name":"strapi_transfer_tokens_updated_by_id_fk","columns":["updated_by_id"],"referencedTable":"admin_users","referencedColumns":["id"],"onDelete":"SET NULL"}],"columns":[{"name":"id","type":"increments","args":[{"primary":true,"primaryKey":true}],"defaultTo":null,"notNullable":true,"unsigned":false},{"name":"name","type":"string","args":[],"defaultTo":null,"notNullable":false,"unsigned":false},{"name":"description","type":"string","args":[],"defaultTo":null,"notNullable":false,"unsigned":false},{"name":"access_key","type":"string","args":[],"defaultTo":null,"notNullable":false,"unsigned":false},{"name":"last_used_at","type":"datetime","args":[{"useTz":false,"precision":6}],"defaultTo":null,"notNullable":false,"unsigned":false},{"name":"expires_at","type":"datetime","args":[{"useTz":false,"precision":6}],"defaultTo":null,"notNullable":false,"unsigned":false},{"name":"lifespan","type":"bigInteger","args":[],"defaultTo":null,"notNullable":false,"unsigned":false},{"name":"created_at","type":"datetime","args":[{"useTz":false,"precision":6}],"defaultTo":null,"notNullable":false,"unsigned":false},{"name":"updated_at","type":"datetime","args":[{"useTz":false,"precision":6}],"defaultTo":null,"notNullable":false,"unsigned":false},{"name":"created_by_id","type":"integer","args":[],"defaultTo":null,"notNullable":false,"unsigned":true},{"name":"updated_by_id","type":"integer","args":[],"defaultTo":null,"notNullable":false,"unsigned":true}]},{"name":"strapi_transfer_token_permissions","indexes":[{"name":"strapi_transfer_token_permissions_created_by_id_fk","columns":["created_by_id"]},{"name":"strapi_transfer_token_permissions_updated_by_id_fk","columns":["updated_by_id"]}],"foreignKeys":[{"name":"strapi_transfer_token_permissions_created_by_id_fk","columns":["created_by_id"],"referencedTable":"admin_users","referencedColumns":["id"],"onDelete":"SET NULL"},{"name":"strapi_transfer_token_permissions_updated_by_id_fk","columns":["updated_by_id"],"referencedTable":"admin_users","referencedColumns":["id"],"onDelete":"SET NULL"}],"columns":[{"name":"id","type":"increments","args":[{"primary":true,"primaryKey":true}],"defaultTo":null,"notNullable":true,"unsigned":false},{"name":"action","type":"string","args":[],"defaultTo":null,"notNullable":false,"unsigned":false},{"name":"created_at","type":"datetime","args":[{"useTz":false,"precision":6}],"defaultTo":null,"notNullable":false,"unsigned":false},{"name":"updated_at","type":"datetime","args":[{"useTz":false,"precision":6}],"defaultTo":null,"notNullable":false,"unsigned":false},{"name":"created_by_id","type":"integer","args":[],"defaultTo":null,"notNullable":false,"unsigned":true},{"name":"updated_by_id","type":"integer","args":[],"defaultTo":null,"notNullable":false,"unsigned":true}]},{"name":"files","indexes":[{"name":"upload_files_folder_path_index","columns":["folder_path"],"type":null},{"name":"upload_files_created_at_index","columns":["created_at"],"type":null},{"name":"upload_files_updated_at_index","columns":["updated_at"],"type":null},{"name":"upload_files_name_index","columns":["name"],"type":null},{"name":"upload_files_size_index","columns":["size"],"type":null},{"name":"upload_files_ext_index","columns":["ext"],"type":null},{"name":"files_created_by_id_fk","columns":["created_by_id"]},{"name":"files_updated_by_id_fk","columns":["updated_by_id"]}],"foreignKeys":[{"name":"files_created_by_id_fk","columns":["created_by_id"],"referencedTable":"admin_users","referencedColumns":["id"],"onDelete":"SET NULL"},{"name":"files_updated_by_id_fk","columns":["updated_by_id"],"referencedTable":"admin_users","referencedColumns":["id"],"onDelete":"SET NULL"}],"columns":[{"name":"id","type":"increments","args":[{"primary":true,"primaryKey":true}],"defaultTo":null,"notNullable":true,"unsigned":false},{"name":"name","type":"string","args":[],"defaultTo":null,"notNullable":false,"unsigned":false},{"name":"alternative_text","type":"string","args":[],"defaultTo":null,"notNullable":false,"unsigned":false},{"name":"caption","type":"string","args":[],"defaultTo":null,"notNullable":false,"unsigned":false},{"name":"width","type":"integer","args":[],"defaultTo":null,"notNullable":false,"unsigned":false},{"name":"height","type":"integer","args":[],"defaultTo":null,"notNullable":false,"unsigned":false},{"name":"formats","type":"jsonb","args":[],"defaultTo":null,"notNullable":false,"unsigned":false},{"name":"hash","type":"string","args":[],"defaultTo":null,"notNullable":false,"unsigned":false},{"name":"ext","type":"string","args":[],"defaultTo":null,"notNullable":false,"unsigned":false},{"name":"mime","type":"string","args":[],"defaultTo":null,"notNullable":false,"unsigned":false},{"name":"size","type":"decimal","args":[10,2],"defaultTo":null,"notNullable":false,"unsigned":false},{"name":"url","type":"string","args":[],"defaultTo":null,"notNullable":false,"unsigned":false},{"name":"preview_url","type":"string","args":[],"defaultTo":null,"notNullable":false,"unsigned":false},{"name":"provider","type":"string","args":[],"defaultTo":null,"notNullable":false,"unsigned":false},{"name":"provider_metadata","type":"jsonb","args":[],"defaultTo":null,"notNullable":false,"unsigned":false},{"name":"folder_path","type":"string","args":[],"defaultTo":null,"notNullable":false,"unsigned":false},{"name":"created_at","type":"datetime","args":[{"useTz":false,"precision":6}],"defaultTo":null,"notNullable":false,"unsigned":false},{"name":"updated_at","type":"datetime","args":[{"useTz":false,"precision":6}],"defaultTo":null,"notNullable":false,"unsigned":false},{"name":"created_by_id","type":"integer","args":[],"defaultTo":null,"notNullable":false,"unsigned":true},{"name":"updated_by_id","type":"integer","args":[],"defaultTo":null,"notNullable":false,"unsigned":true}]},{"name":"upload_folders","indexes":[{"name":"upload_folders_path_id_index","columns":["path_id"],"type":"unique"},{"name":"upload_folders_path_index","columns":["path"],"type":"unique"},{"name":"upload_folders_created_by_id_fk","columns":["created_by_id"]},{"name":"upload_folders_updated_by_id_fk","columns":["updated_by_id"]}],"foreignKeys":[{"name":"upload_folders_created_by_id_fk","columns":["created_by_id"],"referencedTable":"admin_users","referencedColumns":["id"],"onDelete":"SET NULL"},{"name":"upload_folders_updated_by_id_fk","columns":["updated_by_id"],"referencedTable":"admin_users","referencedColumns":["id"],"onDelete":"SET NULL"}],"columns":[{"name":"id","type":"increments","args":[{"primary":true,"primaryKey":true}],"defaultTo":null,"notNullable":true,"unsigned":false},{"name":"name","type":"string","args":[],"defaultTo":null,"notNullable":false,"unsigned":false},{"name":"path_id","type":"integer","args":[],"defaultTo":null,"notNullable":false,"unsigned":false},{"name":"path","type":"string","args":[],"defaultTo":null,"notNullable":false,"unsigned":false},{"name":"created_at","type":"datetime","args":[{"useTz":false,"precision":6}],"defaultTo":null,"notNullable":false,"unsigned":false},{"name":"updated_at","type":"datetime","args":[{"useTz":false,"precision":6}],"defaultTo":null,"notNullable":false,"unsigned":false},{"name":"created_by_id","type":"integer","args":[],"defaultTo":null,"notNullable":false,"unsigned":true},{"name":"updated_by_id","type":"integer","args":[],"defaultTo":null,"notNullable":false,"unsigned":true}]},{"name":"up_permissions","indexes":[{"name":"up_permissions_created_by_id_fk","columns":["created_by_id"]},{"name":"up_permissions_updated_by_id_fk","columns":["updated_by_id"]}],"foreignKeys":[{"name":"up_permissions_created_by_id_fk","columns":["created_by_id"],"referencedTable":"admin_users","referencedColumns":["id"],"onDelete":"SET NULL"},{"name":"up_permissions_updated_by_id_fk","columns":["updated_by_id"],"referencedTable":"admin_users","referencedColumns":["id"],"onDelete":"SET NULL"}],"columns":[{"name":"id","type":"increments","args":[{"primary":true,"primaryKey":true}],"defaultTo":null,"notNullable":true,"unsigned":false},{"name":"action","type":"string","args":[],"defaultTo":null,"notNullable":false,"unsigned":false},{"name":"created_at","type":"datetime","args":[{"useTz":false,"precision":6}],"defaultTo":null,"notNullable":false,"unsigned":false},{"name":"updated_at","type":"datetime","args":[{"useTz":false,"precision":6}],"defaultTo":null,"notNullable":false,"unsigned":false},{"name":"created_by_id","type":"integer","args":[],"defaultTo":null,"notNullable":false,"unsigned":true},{"name":"updated_by_id","type":"integer","args":[],"defaultTo":null,"notNullable":false,"unsigned":true}]},{"name":"up_roles","indexes":[{"name":"up_roles_created_by_id_fk","columns":["created_by_id"]},{"name":"up_roles_updated_by_id_fk","columns":["updated_by_id"]}],"foreignKeys":[{"name":"up_roles_created_by_id_fk","columns":["created_by_id"],"referencedTable":"admin_users","referencedColumns":["id"],"onDelete":"SET NULL"},{"name":"up_roles_updated_by_id_fk","columns":["updated_by_id"],"referencedTable":"admin_users","referencedColumns":["id"],"onDelete":"SET NULL"}],"columns":[{"name":"id","type":"increments","args":[{"primary":true,"primaryKey":true}],"defaultTo":null,"notNullable":true,"unsigned":false},{"name":"name","type":"string","args":[],"defaultTo":null,"notNullable":false,"unsigned":false},{"name":"description","type":"string","args":[],"defaultTo":null,"notNullable":false,"unsigned":false},{"name":"type","type":"string","args":[],"defaultTo":null,"notNullable":false,"unsigned":false},{"name":"created_at","type":"datetime","args":[{"useTz":false,"precision":6}],"defaultTo":null,"notNullable":false,"unsigned":false},{"name":"updated_at","type":"datetime","args":[{"useTz":false,"precision":6}],"defaultTo":null,"notNullable":false,"unsigned":false},{"name":"created_by_id","type":"integer","args":[],"defaultTo":null,"notNullable":false,"unsigned":true},{"name":"updated_by_id","type":"integer","args":[],"defaultTo":null,"notNullable":false,"unsigned":true}]},{"name":"up_users","indexes":[{"name":"up_users_created_by_id_fk","columns":["created_by_id"]},{"name":"up_users_updated_by_id_fk","columns":["updated_by_id"]}],"foreignKeys":[{"name":"up_users_created_by_id_fk","columns":["created_by_id"],"referencedTable":"admin_users","referencedColumns":["id"],"onDelete":"SET NULL"},{"name":"up_users_updated_by_id_fk","columns":["updated_by_id"],"referencedTable":"admin_users","referencedColumns":["id"],"onDelete":"SET NULL"}],"columns":[{"name":"id","type":"increments","args":[{"primary":true,"primaryKey":true}],"defaultTo":null,"notNullable":true,"unsigned":false},{"name":"username","type":"string","args":[],"defaultTo":null,"notNullable":false,"unsigned":false},{"name":"email","type":"string","args":[],"defaultTo":null,"notNullable":false,"unsigned":false},{"name":"provider","type":"string","args":[],"defaultTo":null,"notNullable":false,"unsigned":false},{"name":"password","type":"string","args":[],"defaultTo":null,"notNullable":false,"unsigned":false},{"name":"reset_password_token","type":"string","args":[],"defaultTo":null,"notNullable":false,"unsigned":false},{"name":"confirmation_token","type":"string","args":[],"defaultTo":null,"notNullable":false,"unsigned":false},{"name":"confirmed","type":"boolean","args":[],"defaultTo":null,"notNullable":false,"unsigned":false},{"name":"blocked","type":"boolean","args":[],"defaultTo":null,"notNullable":false,"unsigned":false},{"name":"created_at","type":"datetime","args":[{"useTz":false,"precision":6}],"defaultTo":null,"notNullable":false,"unsigned":false},{"name":"updated_at","type":"datetime","args":[{"useTz":false,"precision":6}],"defaultTo":null,"notNullable":false,"unsigned":false},{"name":"created_by_id","type":"integer","args":[],"defaultTo":null,"notNullable":false,"unsigned":true},{"name":"updated_by_id","type":"integer","args":[],"defaultTo":null,"notNullable":false,"unsigned":true}]},{"name":"i18n_locale","indexes":[{"name":"i18n_locale_created_by_id_fk","columns":["created_by_id"]},{"name":"i18n_locale_updated_by_id_fk","columns":["updated_by_id"]}],"foreignKeys":[{"name":"i18n_locale_created_by_id_fk","columns":["created_by_id"],"referencedTable":"admin_users","referencedColumns":["id"],"onDelete":"SET NULL"},{"name":"i18n_locale_updated_by_id_fk","columns":["updated_by_id"],"referencedTable":"admin_users","referencedColumns":["id"],"onDelete":"SET NULL"}],"columns":[{"name":"id","type":"increments","args":[{"primary":true,"primaryKey":true}],"defaultTo":null,"notNullable":true,"unsigned":false},{"name":"name","type":"string","args":[],"defaultTo":null,"notNullable":false,"unsigned":false},{"name":"code","type":"string","args":[],"defaultTo":null,"notNullable":false,"unsigned":false},{"name":"created_at","type":"datetime","args":[{"useTz":false,"precision":6}],"defaultTo":null,"notNullable":false,"unsigned":false},{"name":"updated_at","type":"datetime","args":[{"useTz":false,"precision":6}],"defaultTo":null,"notNullable":false,"unsigned":false},{"name":"created_by_id","type":"integer","args":[],"defaultTo":null,"notNullable":false,"unsigned":true},{"name":"updated_by_id","type":"integer","args":[],"defaultTo":null,"notNullable":false,"unsigned":true}]},{"name":"commodities","indexes":[{"name":"commodities_created_by_id_fk","columns":["created_by_id"]},{"name":"commodities_updated_by_id_fk","columns":["updated_by_id"]}],"foreignKeys":[{"name":"commodities_created_by_id_fk","columns":["created_by_id"],"referencedTable":"admin_users","referencedColumns":["id"],"onDelete":"SET NULL"},{"name":"commodities_updated_by_id_fk","columns":["updated_by_id"],"referencedTable":"admin_users","referencedColumns":["id"],"onDelete":"SET NULL"}],"columns":[{"name":"id","type":"increments","args":[{"primary":true,"primaryKey":true}],"defaultTo":null,"notNullable":true,"unsigned":false},{"name":"name","type":"string","args":[],"defaultTo":null,"notNullable":false,"unsigned":false},{"name":"description","type":"text","args":["longtext"],"defaultTo":null,"notNullable":false,"unsigned":false},{"name":"price","type":"integer","args":[],"defaultTo":null,"notNullable":false,"unsigned":false},{"name":"created_at","type":"datetime","args":[{"useTz":false,"precision":6}],"defaultTo":null,"notNullable":false,"unsigned":false},{"name":"updated_at","type":"datetime","args":[{"useTz":false,"precision":6}],"defaultTo":null,"notNullable":false,"unsigned":false},{"name":"published_at","type":"datetime","args":[{"useTz":false,"precision":6}],"defaultTo":null,"notNullable":false,"unsigned":false},{"name":"created_by_id","type":"integer","args":[],"defaultTo":null,"notNullable":false,"unsigned":true},{"name":"updated_by_id","type":"integer","args":[],"defaultTo":null,"notNullable":false,"unsigned":true},{"name":"locale","type":"string","args":[],"defaultTo":null,"notNullable":false,"unsigned":false}]},{"name":"mains","indexes":[{"name":"mains_created_by_id_fk","columns":["created_by_id"]},{"name":"mains_updated_by_id_fk","columns":["updated_by_id"]}],"foreignKeys":[{"name":"mains_created_by_id_fk","columns":["created_by_id"],"referencedTable":"admin_users","referencedColumns":["id"],"onDelete":"SET NULL"},{"name":"mains_updated_by_id_fk","columns":["updated_by_id"],"referencedTable":"admin_users","referencedColumns":["id"],"onDelete":"SET NULL"}],"columns":[{"name":"id","type":"increments","args":[{"primary":true,"primaryKey":true}],"defaultTo":null,"notNullable":true,"unsigned":false},{"name":"created_at","type":"datetime","args":[{"useTz":false,"precision":6}],"defaultTo":null,"notNullable":false,"unsigned":false},{"name":"updated_at","type":"datetime","args":[{"useTz":false,"precision":6}],"defaultTo":null,"notNullable":false,"unsigned":false},{"name":"created_by_id","type":"integer","args":[],"defaultTo":null,"notNullable":false,"unsigned":true},{"name":"updated_by_id","type":"integer","args":[],"defaultTo":null,"notNullable":false,"unsigned":true},{"name":"locale","type":"string","args":[],"defaultTo":null,"notNullable":false,"unsigned":false}]},{"name":"products","indexes":[{"name":"products_created_by_id_fk","columns":["created_by_id"]},{"name":"products_updated_by_id_fk","columns":["updated_by_id"]}],"foreignKeys":[{"name":"products_created_by_id_fk","columns":["created_by_id"],"referencedTable":"admin_users","referencedColumns":["id"],"onDelete":"SET NULL"},{"name":"products_updated_by_id_fk","columns":["updated_by_id"],"referencedTable":"admin_users","referencedColumns":["id"],"onDelete":"SET NULL"}],"columns":[{"name":"id","type":"increments","args":[{"primary":true,"primaryKey":true}],"defaultTo":null,"notNullable":true,"unsigned":false},{"name":"created_at","type":"datetime","args":[{"useTz":false,"precision":6}],"defaultTo":null,"notNullable":false,"unsigned":false},{"name":"updated_at","type":"datetime","args":[{"useTz":false,"precision":6}],"defaultTo":null,"notNullable":false,"unsigned":false},{"name":"published_at","type":"datetime","args":[{"useTz":false,"precision":6}],"defaultTo":null,"notNullable":false,"unsigned":false},{"name":"created_by_id","type":"integer","args":[],"defaultTo":null,"notNullable":false,"unsigned":true},{"name":"updated_by_id","type":"integer","args":[],"defaultTo":null,"notNullable":false,"unsigned":true},{"name":"locale","type":"string","args":[],"defaultTo":null,"notNullable":false,"unsigned":false}]},{"name":"socials","indexes":[{"name":"socials_created_by_id_fk","columns":["created_by_id"]},{"name":"socials_updated_by_id_fk","columns":["updated_by_id"]}],"foreignKeys":[{"name":"socials_created_by_id_fk","columns":["created_by_id"],"referencedTable":"admin_users","referencedColumns":["id"],"onDelete":"SET NULL"},{"name":"socials_updated_by_id_fk","columns":["updated_by_id"],"referencedTable":"admin_users","referencedColumns":["id"],"onDelete":"SET NULL"}],"columns":[{"name":"id","type":"increments","args":[{"primary":true,"primaryKey":true}],"defaultTo":null,"notNullable":true,"unsigned":false},{"name":"email","type":"string","args":[],"defaultTo":null,"notNullable":false,"unsigned":false},{"name":"phone","type":"string","args":[],"defaultTo":null,"notNullable":false,"unsigned":false},{"name":"created_at","type":"datetime","args":[{"useTz":false,"precision":6}],"defaultTo":null,"notNullable":false,"unsigned":false},{"name":"updated_at","type":"datetime","args":[{"useTz":false,"precision":6}],"defaultTo":null,"notNullable":false,"unsigned":false},{"name":"published_at","type":"datetime","args":[{"useTz":false,"precision":6}],"defaultTo":null,"notNullable":false,"unsigned":false},{"name":"created_by_id","type":"integer","args":[],"defaultTo":null,"notNullable":false,"unsigned":true},{"name":"updated_by_id","type":"integer","args":[],"defaultTo":null,"notNullable":false,"unsigned":true}]},{"name":"working_times","indexes":[{"name":"working_times_created_by_id_fk","columns":["created_by_id"]},{"name":"working_times_updated_by_id_fk","columns":["updated_by_id"]}],"foreignKeys":[{"name":"working_times_created_by_id_fk","columns":["created_by_id"],"referencedTable":"admin_users","referencedColumns":["id"],"onDelete":"SET NULL"},{"name":"working_times_updated_by_id_fk","columns":["updated_by_id"],"referencedTable":"admin_users","referencedColumns":["id"],"onDelete":"SET NULL"}],"columns":[{"name":"id","type":"increments","args":[{"primary":true,"primaryKey":true}],"defaultTo":null,"notNullable":true,"unsigned":false},{"name":"created_at","type":"datetime","args":[{"useTz":false,"precision":6}],"defaultTo":null,"notNullable":false,"unsigned":false},{"name":"updated_at","type":"datetime","args":[{"useTz":false,"precision":6}],"defaultTo":null,"notNullable":false,"unsigned":false},{"name":"published_at","type":"datetime","args":[{"useTz":false,"precision":6}],"defaultTo":null,"notNullable":false,"unsigned":false},{"name":"created_by_id","type":"integer","args":[],"defaultTo":null,"notNullable":false,"unsigned":true},{"name":"updated_by_id","type":"integer","args":[],"defaultTo":null,"notNullable":false,"unsigned":true}]},{"name":"components_block_block_text_images","indexes":[],"foreignKeys":[],"columns":[{"name":"id","type":"increments","args":[{"primary":true,"primaryKey":true}],"defaultTo":null,"notNullable":true,"unsigned":false},{"name":"title","type":"string","args":[],"defaultTo":null,"notNullable":false,"unsigned":false},{"name":"description","type":"text","args":["longtext"],"defaultTo":null,"notNullable":false,"unsigned":false}]},{"name":"components_block_block_with_text_onlies","indexes":[],"foreignKeys":[],"columns":[{"name":"id","type":"increments","args":[{"primary":true,"primaryKey":true}],"defaultTo":null,"notNullable":true,"unsigned":false},{"name":"title","type":"string","args":[],"defaultTo":null,"notNullable":false,"unsigned":false},{"name":"description","type":"text","args":["longtext"],"defaultTo":null,"notNullable":false,"unsigned":false}]},{"name":"components_seo_metas","indexes":[],"foreignKeys":[],"columns":[{"name":"id","type":"increments","args":[{"primary":true,"primaryKey":true}],"defaultTo":null,"notNullable":true,"unsigned":false},{"name":"name","type":"string","args":[],"defaultTo":null,"notNullable":false,"unsigned":false},{"name":"content","type":"text","args":["longtext"],"defaultTo":null,"notNullable":false,"unsigned":false}]},{"name":"components_seo_seos","indexes":[],"foreignKeys":[],"columns":[{"name":"id","type":"increments","args":[{"primary":true,"primaryKey":true}],"defaultTo":null,"notNullable":true,"unsigned":false},{"name":"title","type":"string","args":[],"defaultTo":null,"notNullable":false,"unsigned":false}]},{"name":"components_socials_social_networks","indexes":[],"foreignKeys":[],"columns":[{"name":"id","type":"increments","args":[{"primary":true,"primaryKey":true}],"defaultTo":null,"notNullable":true,"unsigned":false},{"name":"name","type":"string","args":[],"defaultTo":null,"notNullable":false,"unsigned":false},{"name":"link","type":"string","args":[],"defaultTo":null,"notNullable":false,"unsigned":false},{"name":"title","type":"string","args":[],"defaultTo":null,"notNullable":false,"unsigned":false}]},{"name":"components_socials_working_times","indexes":[],"foreignKeys":[],"columns":[{"name":"id","type":"increments","args":[{"primary":true,"primaryKey":true}],"defaultTo":null,"notNullable":true,"unsigned":false},{"name":"day","type":"string","args":[],"defaultTo":null,"notNullable":false,"unsigned":false},{"name":"time","type":"string","args":[],"defaultTo":null,"notNullable":false,"unsigned":false}]},{"name":"admin_permissions_role_links","indexes":[{"name":"admin_permissions_role_links_fk","columns":["permission_id"]},{"name":"admin_permissions_role_links_inv_fk","columns":["role_id"]},{"name":"admin_permissions_role_links_unique","columns":["permission_id","role_id"],"type":"unique"},{"name":"admin_permissions_role_links_order_inv_fk","columns":["permission_order"]}],"foreignKeys":[{"name":"admin_permissions_role_links_fk","columns":["permission_id"],"referencedColumns":["id"],"referencedTable":"admin_permissions","onDelete":"CASCADE"},{"name":"admin_permissions_role_links_inv_fk","columns":["role_id"],"referencedColumns":["id"],"referencedTable":"admin_roles","onDelete":"CASCADE"}],"columns":[{"name":"id","type":"increments","args":[{"primary":true,"primaryKey":true}],"defaultTo":null,"notNullable":true,"unsigned":false},{"name":"permission_id","type":"integer","args":[],"defaultTo":null,"notNullable":false,"unsigned":true},{"name":"role_id","type":"integer","args":[],"defaultTo":null,"notNullable":false,"unsigned":true},{"name":"permission_order","type":"double","args":[],"defaultTo":null,"notNullable":false,"unsigned":true}]},{"name":"admin_users_roles_links","indexes":[{"name":"admin_users_roles_links_fk","columns":["user_id"]},{"name":"admin_users_roles_links_inv_fk","columns":["role_id"]},{"name":"admin_users_roles_links_unique","columns":["user_id","role_id"],"type":"unique"},{"name":"admin_users_roles_links_order_fk","columns":["role_order"]},{"name":"admin_users_roles_links_order_inv_fk","columns":["user_order"]}],"foreignKeys":[{"name":"admin_users_roles_links_fk","columns":["user_id"],"referencedColumns":["id"],"referencedTable":"admin_users","onDelete":"CASCADE"},{"name":"admin_users_roles_links_inv_fk","columns":["role_id"],"referencedColumns":["id"],"referencedTable":"admin_roles","onDelete":"CASCADE"}],"columns":[{"name":"id","type":"increments","args":[{"primary":true,"primaryKey":true}],"defaultTo":null,"notNullable":true,"unsigned":false},{"name":"user_id","type":"integer","args":[],"defaultTo":null,"notNullable":false,"unsigned":true},{"name":"role_id","type":"integer","args":[],"defaultTo":null,"notNullable":false,"unsigned":true},{"name":"role_order","type":"double","args":[],"defaultTo":null,"notNullable":false,"unsigned":true},{"name":"user_order","type":"double","args":[],"defaultTo":null,"notNullable":false,"unsigned":true}]},{"name":"strapi_api_token_permissions_token_links","indexes":[{"name":"strapi_api_token_permissions_token_links_fk","columns":["api_token_permission_id"]},{"name":"strapi_api_token_permissions_token_links_inv_fk","columns":["api_token_id"]},{"name":"strapi_api_token_permissions_token_links_unique","columns":["api_token_permission_id","api_token_id"],"type":"unique"},{"name":"strapi_api_token_permissions_token_links_order_inv_fk","columns":["api_token_permission_order"]}],"foreignKeys":[{"name":"strapi_api_token_permissions_token_links_fk","columns":["api_token_permission_id"],"referencedColumns":["id"],"referencedTable":"strapi_api_token_permissions","onDelete":"CASCADE"},{"name":"strapi_api_token_permissions_token_links_inv_fk","columns":["api_token_id"],"referencedColumns":["id"],"referencedTable":"strapi_api_tokens","onDelete":"CASCADE"}],"columns":[{"name":"id","type":"increments","args":[{"primary":true,"primaryKey":true}],"defaultTo":null,"notNullable":true,"unsigned":false},{"name":"api_token_permission_id","type":"integer","args":[],"defaultTo":null,"notNullable":false,"unsigned":true},{"name":"api_token_id","type":"integer","args":[],"defaultTo":null,"notNullable":false,"unsigned":true},{"name":"api_token_permission_order","type":"double","args":[],"defaultTo":null,"notNullable":false,"unsigned":true}]},{"name":"strapi_transfer_token_permissions_token_links","indexes":[{"name":"strapi_transfer_token_permissions_token_links_fk","columns":["transfer_token_permission_id"]},{"name":"strapi_transfer_token_permissions_token_links_inv_fk","columns":["transfer_token_id"]},{"name":"strapi_transfer_token_permissions_token_links_unique","columns":["transfer_token_permission_id","transfer_token_id"],"type":"unique"},{"name":"strapi_transfer_token_permissions_token_links_order_inv_fk","columns":["transfer_token_permission_order"]}],"foreignKeys":[{"name":"strapi_transfer_token_permissions_token_links_fk","columns":["transfer_token_permission_id"],"referencedColumns":["id"],"referencedTable":"strapi_transfer_token_permissions","onDelete":"CASCADE"},{"name":"strapi_transfer_token_permissions_token_links_inv_fk","columns":["transfer_token_id"],"referencedColumns":["id"],"referencedTable":"strapi_transfer_tokens","onDelete":"CASCADE"}],"columns":[{"name":"id","type":"increments","args":[{"primary":true,"primaryKey":true}],"defaultTo":null,"notNullable":true,"unsigned":false},{"name":"transfer_token_permission_id","type":"integer","args":[],"defaultTo":null,"notNullable":false,"unsigned":true},{"name":"transfer_token_id","type":"integer","args":[],"defaultTo":null,"notNullable":false,"unsigned":true},{"name":"transfer_token_permission_order","type":"double","args":[],"defaultTo":null,"notNullable":false,"unsigned":true}]},{"name":"files_related_morphs","indexes":[{"name":"files_related_morphs_fk","columns":["file_id"]}],"foreignKeys":[{"name":"files_related_morphs_fk","columns":["file_id"],"referencedColumns":["id"],"referencedTable":"files","onDelete":"CASCADE"}],"columns":[{"name":"id","type":"increments","args":[{"primary":true,"primaryKey":true}],"defaultTo":null,"notNullable":true,"unsigned":false},{"name":"file_id","type":"integer","args":[],"defaultTo":null,"notNullable":false,"unsigned":true},{"name":"related_id","type":"integer","args":[],"defaultTo":null,"notNullable":false,"unsigned":true},{"name":"related_type","type":"string","args":[],"defaultTo":null,"notNullable":false,"unsigned":false},{"name":"field","type":"string","args":[],"defaultTo":null,"notNullable":false,"unsigned":false},{"name":"order","type":"double","args":[],"defaultTo":null,"notNullable":false,"unsigned":true}]},{"name":"files_folder_links","indexes":[{"name":"files_folder_links_fk","columns":["file_id"]},{"name":"files_folder_links_inv_fk","columns":["folder_id"]},{"name":"files_folder_links_unique","columns":["file_id","folder_id"],"type":"unique"},{"name":"files_folder_links_order_inv_fk","columns":["file_order"]}],"foreignKeys":[{"name":"files_folder_links_fk","columns":["file_id"],"referencedColumns":["id"],"referencedTable":"files","onDelete":"CASCADE"},{"name":"files_folder_links_inv_fk","columns":["folder_id"],"referencedColumns":["id"],"referencedTable":"upload_folders","onDelete":"CASCADE"}],"columns":[{"name":"id","type":"increments","args":[{"primary":true,"primaryKey":true}],"defaultTo":null,"notNullable":true,"unsigned":false},{"name":"file_id","type":"integer","args":[],"defaultTo":null,"notNullable":false,"unsigned":true},{"name":"folder_id","type":"integer","args":[],"defaultTo":null,"notNullable":false,"unsigned":true},{"name":"file_order","type":"double","args":[],"defaultTo":null,"notNullable":false,"unsigned":true}]},{"name":"upload_folders_parent_links","indexes":[{"name":"upload_folders_parent_links_fk","columns":["folder_id"]},{"name":"upload_folders_parent_links_inv_fk","columns":["inv_folder_id"]},{"name":"upload_folders_parent_links_unique","columns":["folder_id","inv_folder_id"],"type":"unique"},{"name":"upload_folders_parent_links_order_inv_fk","columns":["folder_order"]}],"foreignKeys":[{"name":"upload_folders_parent_links_fk","columns":["folder_id"],"referencedColumns":["id"],"referencedTable":"upload_folders","onDelete":"CASCADE"},{"name":"upload_folders_parent_links_inv_fk","columns":["inv_folder_id"],"referencedColumns":["id"],"referencedTable":"upload_folders","onDelete":"CASCADE"}],"columns":[{"name":"id","type":"increments","args":[{"primary":true,"primaryKey":true}],"defaultTo":null,"notNullable":true,"unsigned":false},{"name":"folder_id","type":"integer","args":[],"defaultTo":null,"notNullable":false,"unsigned":true},{"name":"inv_folder_id","type":"integer","args":[],"defaultTo":null,"notNullable":false,"unsigned":true},{"name":"folder_order","type":"double","args":[],"defaultTo":null,"notNullable":false,"unsigned":true}]},{"name":"up_permissions_role_links","indexes":[{"name":"up_permissions_role_links_fk","columns":["permission_id"]},{"name":"up_permissions_role_links_inv_fk","columns":["role_id"]},{"name":"up_permissions_role_links_unique","columns":["permission_id","role_id"],"type":"unique"},{"name":"up_permissions_role_links_order_inv_fk","columns":["permission_order"]}],"foreignKeys":[{"name":"up_permissions_role_links_fk","columns":["permission_id"],"referencedColumns":["id"],"referencedTable":"up_permissions","onDelete":"CASCADE"},{"name":"up_permissions_role_links_inv_fk","columns":["role_id"],"referencedColumns":["id"],"referencedTable":"up_roles","onDelete":"CASCADE"}],"columns":[{"name":"id","type":"increments","args":[{"primary":true,"primaryKey":true}],"defaultTo":null,"notNullable":true,"unsigned":false},{"name":"permission_id","type":"integer","args":[],"defaultTo":null,"notNullable":false,"unsigned":true},{"name":"role_id","type":"integer","args":[],"defaultTo":null,"notNullable":false,"unsigned":true},{"name":"permission_order","type":"double","args":[],"defaultTo":null,"notNullable":false,"unsigned":true}]},{"name":"up_users_role_links","indexes":[{"name":"up_users_role_links_fk","columns":["user_id"]},{"name":"up_users_role_links_inv_fk","columns":["role_id"]},{"name":"up_users_role_links_unique","columns":["user_id","role_id"],"type":"unique"},{"name":"up_users_role_links_order_inv_fk","columns":["user_order"]}],"foreignKeys":[{"name":"up_users_role_links_fk","columns":["user_id"],"referencedColumns":["id"],"referencedTable":"up_users","onDelete":"CASCADE"},{"name":"up_users_role_links_inv_fk","columns":["role_id"],"referencedColumns":["id"],"referencedTable":"up_roles","onDelete":"CASCADE"}],"columns":[{"name":"id","type":"increments","args":[{"primary":true,"primaryKey":true}],"defaultTo":null,"notNullable":true,"unsigned":false},{"name":"user_id","type":"integer","args":[],"defaultTo":null,"notNullable":false,"unsigned":true},{"name":"role_id","type":"integer","args":[],"defaultTo":null,"notNullable":false,"unsigned":true},{"name":"user_order","type":"double","args":[],"defaultTo":null,"notNullable":false,"unsigned":true}]},{"name":"commodities_localizations_links","indexes":[{"name":"commodities_localizations_links_fk","columns":["commodity_id"]},{"name":"commodities_localizations_links_inv_fk","columns":["inv_commodity_id"]},{"name":"commodities_localizations_links_unique","columns":["commodity_id","inv_commodity_id"],"type":"unique"},{"name":"commodities_localizations_links_order_fk","columns":["commodity_order"]}],"foreignKeys":[{"name":"commodities_localizations_links_fk","columns":["commodity_id"],"referencedColumns":["id"],"referencedTable":"commodities","onDelete":"CASCADE"},{"name":"commodities_localizations_links_inv_fk","columns":["inv_commodity_id"],"referencedColumns":["id"],"referencedTable":"commodities","onDelete":"CASCADE"}],"columns":[{"name":"id","type":"increments","args":[{"primary":true,"primaryKey":true}],"defaultTo":null,"notNullable":true,"unsigned":false},{"name":"commodity_id","type":"integer","args":[],"defaultTo":null,"notNullable":false,"unsigned":true},{"name":"inv_commodity_id","type":"integer","args":[],"defaultTo":null,"notNullable":false,"unsigned":true},{"name":"commodity_order","type":"double","args":[],"defaultTo":null,"notNullable":false,"unsigned":true}]},{"name":"mains_components","indexes":[{"name":"mains_field_index","columns":["field"],"type":null},{"name":"mains_component_type_index","columns":["component_type"],"type":null},{"name":"mains_entity_fk","columns":["entity_id"]},{"name":"mains_unique","columns":["entity_id","component_id","field","component_type"],"type":"unique"}],"foreignKeys":[{"name":"mains_entity_fk","columns":["entity_id"],"referencedColumns":["id"],"referencedTable":"mains","onDelete":"CASCADE"}],"columns":[{"name":"id","type":"increments","args":[{"primary":true,"primaryKey":true}],"defaultTo":null,"notNullable":true,"unsigned":false},{"name":"entity_id","type":"integer","args":[],"defaultTo":null,"notNullable":false,"unsigned":true},{"name":"component_id","type":"integer","args":[],"defaultTo":null,"notNullable":false,"unsigned":true},{"name":"component_type","type":"string","args":[],"defaultTo":null,"notNullable":false,"unsigned":false},{"name":"field","type":"string","args":[],"defaultTo":null,"notNullable":false,"unsigned":false},{"name":"order","type":"double","args":[],"defaultTo":null,"notNullable":false,"unsigned":true}]},{"name":"mains_localizations_links","indexes":[{"name":"mains_localizations_links_fk","columns":["main_id"]},{"name":"mains_localizations_links_inv_fk","columns":["inv_main_id"]},{"name":"mains_localizations_links_unique","columns":["main_id","inv_main_id"],"type":"unique"},{"name":"mains_localizations_links_order_fk","columns":["main_order"]}],"foreignKeys":[{"name":"mains_localizations_links_fk","columns":["main_id"],"referencedColumns":["id"],"referencedTable":"mains","onDelete":"CASCADE"},{"name":"mains_localizations_links_inv_fk","columns":["inv_main_id"],"referencedColumns":["id"],"referencedTable":"mains","onDelete":"CASCADE"}],"columns":[{"name":"id","type":"increments","args":[{"primary":true,"primaryKey":true}],"defaultTo":null,"notNullable":true,"unsigned":false},{"name":"main_id","type":"integer","args":[],"defaultTo":null,"notNullable":false,"unsigned":true},{"name":"inv_main_id","type":"integer","args":[],"defaultTo":null,"notNullable":false,"unsigned":true},{"name":"main_order","type":"double","args":[],"defaultTo":null,"notNullable":false,"unsigned":true}]},{"name":"products_components","indexes":[{"name":"products_field_index","columns":["field"],"type":null},{"name":"products_component_type_index","columns":["component_type"],"type":null},{"name":"products_entity_fk","columns":["entity_id"]},{"name":"products_unique","columns":["entity_id","component_id","field","component_type"],"type":"unique"}],"foreignKeys":[{"name":"products_entity_fk","columns":["entity_id"],"referencedColumns":["id"],"referencedTable":"products","onDelete":"CASCADE"}],"columns":[{"name":"id","type":"increments","args":[{"primary":true,"primaryKey":true}],"defaultTo":null,"notNullable":true,"unsigned":false},{"name":"entity_id","type":"integer","args":[],"defaultTo":null,"notNullable":false,"unsigned":true},{"name":"component_id","type":"integer","args":[],"defaultTo":null,"notNullable":false,"unsigned":true},{"name":"component_type","type":"string","args":[],"defaultTo":null,"notNullable":false,"unsigned":false},{"name":"field","type":"string","args":[],"defaultTo":null,"notNullable":false,"unsigned":false},{"name":"order","type":"double","args":[],"defaultTo":null,"notNullable":false,"unsigned":true}]},{"name":"products_localizations_links","indexes":[{"name":"products_localizations_links_fk","columns":["product_id"]},{"name":"products_localizations_links_inv_fk","columns":["inv_product_id"]},{"name":"products_localizations_links_unique","columns":["product_id","inv_product_id"],"type":"unique"},{"name":"products_localizations_links_order_fk","columns":["product_order"]}],"foreignKeys":[{"name":"products_localizations_links_fk","columns":["product_id"],"referencedColumns":["id"],"referencedTable":"products","onDelete":"CASCADE"},{"name":"products_localizations_links_inv_fk","columns":["inv_product_id"],"referencedColumns":["id"],"referencedTable":"products","onDelete":"CASCADE"}],"columns":[{"name":"id","type":"increments","args":[{"primary":true,"primaryKey":true}],"defaultTo":null,"notNullable":true,"unsigned":false},{"name":"product_id","type":"integer","args":[],"defaultTo":null,"notNullable":false,"unsigned":true},{"name":"inv_product_id","type":"integer","args":[],"defaultTo":null,"notNullable":false,"unsigned":true},{"name":"product_order","type":"double","args":[],"defaultTo":null,"notNullable":false,"unsigned":true}]},{"name":"socials_components","indexes":[{"name":"socials_field_index","columns":["field"],"type":null},{"name":"socials_component_type_index","columns":["component_type"],"type":null},{"name":"socials_entity_fk","columns":["entity_id"]},{"name":"socials_unique","columns":["entity_id","component_id","field","component_type"],"type":"unique"}],"foreignKeys":[{"name":"socials_entity_fk","columns":["entity_id"],"referencedColumns":["id"],"referencedTable":"socials","onDelete":"CASCADE"}],"columns":[{"name":"id","type":"increments","args":[{"primary":true,"primaryKey":true}],"defaultTo":null,"notNullable":true,"unsigned":false},{"name":"entity_id","type":"integer","args":[],"defaultTo":null,"notNullable":false,"unsigned":true},{"name":"component_id","type":"integer","args":[],"defaultTo":null,"notNullable":false,"unsigned":true},{"name":"component_type","type":"string","args":[],"defaultTo":null,"notNullable":false,"unsigned":false},{"name":"field","type":"string","args":[],"defaultTo":null,"notNullable":false,"unsigned":false},{"name":"order","type":"double","args":[],"defaultTo":null,"notNullable":false,"unsigned":true}]},{"name":"working_times_components","indexes":[{"name":"working_times_field_index","columns":["field"],"type":null},{"name":"working_times_component_type_index","columns":["component_type"],"type":null},{"name":"working_times_entity_fk","columns":["entity_id"]},{"name":"working_times_unique","columns":["entity_id","component_id","field","component_type"],"type":"unique"}],"foreignKeys":[{"name":"working_times_entity_fk","columns":["entity_id"],"referencedColumns":["id"],"referencedTable":"working_times","onDelete":"CASCADE"}],"columns":[{"name":"id","type":"increments","args":[{"primary":true,"primaryKey":true}],"defaultTo":null,"notNullable":true,"unsigned":false},{"name":"entity_id","type":"integer","args":[],"defaultTo":null,"notNullable":false,"unsigned":true},{"name":"component_id","type":"integer","args":[],"defaultTo":null,"notNullable":false,"unsigned":true},{"name":"component_type","type":"string","args":[],"defaultTo":null,"notNullable":false,"unsigned":false},{"name":"field","type":"string","args":[],"defaultTo":null,"notNullable":false,"unsigned":false},{"name":"order","type":"double","args":[],"defaultTo":null,"notNullable":false,"unsigned":true}]},{"name":"components_seo_seos_components","indexes":[{"name":"components_seo_seos_field_index","columns":["field"],"type":null},{"name":"components_seo_seos_component_type_index","columns":["component_type"],"type":null},{"name":"components_seo_seos_entity_fk","columns":["entity_id"]},{"name":"components_seo_seos_unique","columns":["entity_id","component_id","field","component_type"],"type":"unique"}],"foreignKeys":[{"name":"components_seo_seos_entity_fk","columns":["entity_id"],"referencedColumns":["id"],"referencedTable":"components_seo_seos","onDelete":"CASCADE"}],"columns":[{"name":"id","type":"increments","args":[{"primary":true,"primaryKey":true}],"defaultTo":null,"notNullable":true,"unsigned":false},{"name":"entity_id","type":"integer","args":[],"defaultTo":null,"notNullable":false,"unsigned":true},{"name":"component_id","type":"integer","args":[],"defaultTo":null,"notNullable":false,"unsigned":true},{"name":"component_type","type":"string","args":[],"defaultTo":null,"notNullable":false,"unsigned":false},{"name":"field","type":"string","args":[],"defaultTo":null,"notNullable":false,"unsigned":false},{"name":"order","type":"double","args":[],"defaultTo":null,"notNullable":false,"unsigned":true}]}]}	2023-05-13 13:58:18.806	fc376fad1ab619a73e479b2220e9921a
\.


--
-- Data for Name: strapi_migrations; Type: TABLE DATA; Schema: public; Owner: codeteam
--

COPY public.strapi_migrations (id, name, "time") FROM stdin;
\.


--
-- Data for Name: strapi_transfer_token_permissions; Type: TABLE DATA; Schema: public; Owner: codeteam
--

COPY public.strapi_transfer_token_permissions (id, action, created_at, updated_at, created_by_id, updated_by_id) FROM stdin;
\.


--
-- Data for Name: strapi_transfer_token_permissions_token_links; Type: TABLE DATA; Schema: public; Owner: codeteam
--

COPY public.strapi_transfer_token_permissions_token_links (id, transfer_token_permission_id, transfer_token_id, transfer_token_permission_order) FROM stdin;
\.


--
-- Data for Name: strapi_transfer_tokens; Type: TABLE DATA; Schema: public; Owner: codeteam
--

COPY public.strapi_transfer_tokens (id, name, description, access_key, last_used_at, expires_at, lifespan, created_at, updated_at, created_by_id, updated_by_id) FROM stdin;
\.


--
-- Data for Name: strapi_webhooks; Type: TABLE DATA; Schema: public; Owner: codeteam
--

COPY public.strapi_webhooks (id, name, url, headers, events, enabled) FROM stdin;
\.


--
-- Data for Name: up_permissions; Type: TABLE DATA; Schema: public; Owner: codeteam
--

COPY public.up_permissions (id, action, created_at, updated_at, created_by_id, updated_by_id) FROM stdin;
1	plugin::users-permissions.user.me	2023-04-08 18:41:07.616	2023-04-08 18:41:07.616	\N	\N
2	plugin::users-permissions.auth.changePassword	2023-04-08 18:41:07.616	2023-04-08 18:41:07.616	\N	\N
3	plugin::users-permissions.auth.callback	2023-04-08 18:41:07.624	2023-04-08 18:41:07.624	\N	\N
5	plugin::users-permissions.auth.forgotPassword	2023-04-08 18:41:07.624	2023-04-08 18:41:07.624	\N	\N
6	plugin::users-permissions.auth.resetPassword	2023-04-08 18:41:07.624	2023-04-08 18:41:07.624	\N	\N
4	plugin::users-permissions.auth.connect	2023-04-08 18:41:07.624	2023-04-08 18:41:07.624	\N	\N
7	plugin::users-permissions.auth.register	2023-04-08 18:41:07.624	2023-04-08 18:41:07.624	\N	\N
8	plugin::users-permissions.auth.emailConfirmation	2023-04-08 18:41:07.624	2023-04-08 18:41:07.624	\N	\N
9	plugin::users-permissions.auth.sendEmailConfirmation	2023-04-08 18:41:07.624	2023-04-08 18:41:07.624	\N	\N
16	api::main.main.find	2023-04-27 08:17:01.332	2023-04-27 08:17:01.332	\N	\N
17	api::main.main.find	2023-04-27 08:24:04.458	2023-04-27 08:24:04.458	\N	\N
18	api::social.social.find	2023-04-28 15:50:47.736	2023-04-28 15:50:47.736	\N	\N
19	api::working-time.working-time.find	2023-05-01 14:00:07.919	2023-05-01 14:00:07.919	\N	\N
20	api::product.product.find	2023-05-07 23:06:20.102	2023-05-07 23:06:20.102	\N	\N
21	api::commodity.commodity.find	2023-05-13 15:21:38.656	2023-05-13 15:21:38.656	\N	\N
\.


--
-- Data for Name: up_permissions_role_links; Type: TABLE DATA; Schema: public; Owner: codeteam
--

COPY public.up_permissions_role_links (id, permission_id, role_id, permission_order) FROM stdin;
1	1	1	1
6	4	2	1
4	6	2	1
5	5	2	1
7	7	2	1
8	8	2	1
9	9	2	2
16	16	2	3
18	18	2	4
19	19	2	5
20	20	2	6
21	21	2	7
17	17	1	2
2	2	1	1
3	3	2	1
\.


--
-- Data for Name: up_roles; Type: TABLE DATA; Schema: public; Owner: codeteam
--

COPY public.up_roles (id, name, description, type, created_at, updated_at, created_by_id, updated_by_id) FROM stdin;
1	Authenticated	Default role given to authenticated user.	authenticated	2023-04-08 18:41:07.61	2023-04-27 08:24:04.454	\N	\N
2	Public	Default role given to unauthenticated user.	public	2023-04-08 18:41:07.613	2023-05-13 15:21:38.652	\N	\N
\.


--
-- Data for Name: up_users; Type: TABLE DATA; Schema: public; Owner: codeteam
--

COPY public.up_users (id, username, email, provider, password, reset_password_token, confirmation_token, confirmed, blocked, created_at, updated_at, created_by_id, updated_by_id) FROM stdin;
\.


--
-- Data for Name: up_users_role_links; Type: TABLE DATA; Schema: public; Owner: codeteam
--

COPY public.up_users_role_links (id, user_id, role_id, user_order) FROM stdin;
\.


--
-- Data for Name: upload_folders; Type: TABLE DATA; Schema: public; Owner: codeteam
--

COPY public.upload_folders (id, name, path_id, path, created_at, updated_at, created_by_id, updated_by_id) FROM stdin;
\.


--
-- Data for Name: upload_folders_parent_links; Type: TABLE DATA; Schema: public; Owner: codeteam
--

COPY public.upload_folders_parent_links (id, folder_id, inv_folder_id, folder_order) FROM stdin;
\.


--
-- Data for Name: working_times; Type: TABLE DATA; Schema: public; Owner: codeteam
--

COPY public.working_times (id, created_at, updated_at, published_at, created_by_id, updated_by_id) FROM stdin;
1	2023-05-01 13:59:39.657	2023-05-01 14:01:19.352	2023-05-01 13:59:41.94	1	1
\.


--
-- Data for Name: working_times_components; Type: TABLE DATA; Schema: public; Owner: codeteam
--

COPY public.working_times_components (id, entity_id, component_id, component_type, field, "order") FROM stdin;
1	1	1	socials.working-time	wotkingTime	1
3	1	2	socials.working-time	wotkingTime	2
4	1	3	socials.working-time	wotkingTime	3
5	1	4	socials.working-time	wotkingTime	4
6	1	5	socials.working-time	wotkingTime	5
7	1	6	socials.working-time	wotkingTime	6
8	1	7	socials.working-time	wotkingTime	7
\.


--
-- Name: admin_permissions_id_seq; Type: SEQUENCE SET; Schema: public; Owner: codeteam
--

SELECT pg_catalog.setval('public.admin_permissions_id_seq', 245, true);


--
-- Name: admin_permissions_role_links_id_seq; Type: SEQUENCE SET; Schema: public; Owner: codeteam
--

SELECT pg_catalog.setval('public.admin_permissions_role_links_id_seq', 250, true);


--
-- Name: admin_roles_id_seq; Type: SEQUENCE SET; Schema: public; Owner: codeteam
--

SELECT pg_catalog.setval('public.admin_roles_id_seq', 4, true);


--
-- Name: admin_users_id_seq; Type: SEQUENCE SET; Schema: public; Owner: codeteam
--

SELECT pg_catalog.setval('public.admin_users_id_seq', 4, true);


--
-- Name: admin_users_roles_links_id_seq; Type: SEQUENCE SET; Schema: public; Owner: codeteam
--

SELECT pg_catalog.setval('public.admin_users_roles_links_id_seq', 7, true);


--
-- Name: commodities_id_seq; Type: SEQUENCE SET; Schema: public; Owner: ttskanyan
--

SELECT pg_catalog.setval('public.commodities_id_seq', 12, true);


--
-- Name: commodities_localizations_links_id_seq; Type: SEQUENCE SET; Schema: public; Owner: ttskanyan
--

SELECT pg_catalog.setval('public.commodities_localizations_links_id_seq', 12, true);


--
-- Name: components_block_block_text_images_id_seq; Type: SEQUENCE SET; Schema: public; Owner: codeteam
--

SELECT pg_catalog.setval('public.components_block_block_text_images_id_seq', 1, true);


--
-- Name: components_block_block_with_text_onlies_id_seq; Type: SEQUENCE SET; Schema: public; Owner: ttskanyan
--

SELECT pg_catalog.setval('public.components_block_block_with_text_onlies_id_seq', 8, true);


--
-- Name: components_seo_metas_id_seq; Type: SEQUENCE SET; Schema: public; Owner: codeteam
--

SELECT pg_catalog.setval('public.components_seo_metas_id_seq', 2, true);


--
-- Name: components_seo_seos_components_id_seq; Type: SEQUENCE SET; Schema: public; Owner: codeteam
--

SELECT pg_catalog.setval('public.components_seo_seos_components_id_seq', 10, true);


--
-- Name: components_seo_seos_id_seq; Type: SEQUENCE SET; Schema: public; Owner: codeteam
--

SELECT pg_catalog.setval('public.components_seo_seos_id_seq', 7, true);


--
-- Name: components_socials_social_networks_id_seq; Type: SEQUENCE SET; Schema: public; Owner: codeteam
--

SELECT pg_catalog.setval('public.components_socials_social_networks_id_seq', 15, true);


--
-- Name: components_socials_working_times_id_seq; Type: SEQUENCE SET; Schema: public; Owner: codeteam
--

SELECT pg_catalog.setval('public.components_socials_working_times_id_seq', 7, true);


--
-- Name: files_folder_links_id_seq; Type: SEQUENCE SET; Schema: public; Owner: codeteam
--

SELECT pg_catalog.setval('public.files_folder_links_id_seq', 1, false);


--
-- Name: files_id_seq; Type: SEQUENCE SET; Schema: public; Owner: codeteam
--

SELECT pg_catalog.setval('public.files_id_seq', 1, true);


--
-- Name: files_related_morphs_id_seq; Type: SEQUENCE SET; Schema: public; Owner: codeteam
--

SELECT pg_catalog.setval('public.files_related_morphs_id_seq', 1, false);


--
-- Name: i18n_locale_id_seq; Type: SEQUENCE SET; Schema: public; Owner: codeteam
--

SELECT pg_catalog.setval('public.i18n_locale_id_seq', 2, true);


--
-- Name: mains_components_id_seq; Type: SEQUENCE SET; Schema: public; Owner: codeteam
--

SELECT pg_catalog.setval('public.mains_components_id_seq', 20, true);


--
-- Name: mains_id_seq; Type: SEQUENCE SET; Schema: public; Owner: codeteam
--

SELECT pg_catalog.setval('public.mains_id_seq', 2, true);


--
-- Name: mains_localizations_links_id_seq; Type: SEQUENCE SET; Schema: public; Owner: codeteam
--

SELECT pg_catalog.setval('public.mains_localizations_links_id_seq', 2, true);


--
-- Name: products_components_id_seq; Type: SEQUENCE SET; Schema: public; Owner: ttskanyan
--

SELECT pg_catalog.setval('public.products_components_id_seq', 52, true);


--
-- Name: products_id_seq; Type: SEQUENCE SET; Schema: public; Owner: ttskanyan
--

SELECT pg_catalog.setval('public.products_id_seq', 2, true);


--
-- Name: products_localizations_links_id_seq; Type: SEQUENCE SET; Schema: public; Owner: ttskanyan
--

SELECT pg_catalog.setval('public.products_localizations_links_id_seq', 2, true);


--
-- Name: socials_components_id_seq; Type: SEQUENCE SET; Schema: public; Owner: codeteam
--

SELECT pg_catalog.setval('public.socials_components_id_seq', 53, true);


--
-- Name: socials_id_seq; Type: SEQUENCE SET; Schema: public; Owner: codeteam
--

SELECT pg_catalog.setval('public.socials_id_seq', 1, true);


--
-- Name: strapi_api_token_permissions_id_seq; Type: SEQUENCE SET; Schema: public; Owner: codeteam
--

SELECT pg_catalog.setval('public.strapi_api_token_permissions_id_seq', 1, false);


--
-- Name: strapi_api_token_permissions_token_links_id_seq; Type: SEQUENCE SET; Schema: public; Owner: codeteam
--

SELECT pg_catalog.setval('public.strapi_api_token_permissions_token_links_id_seq', 1, false);


--
-- Name: strapi_api_tokens_id_seq; Type: SEQUENCE SET; Schema: public; Owner: codeteam
--

SELECT pg_catalog.setval('public.strapi_api_tokens_id_seq', 1, false);


--
-- Name: strapi_core_store_settings_id_seq; Type: SEQUENCE SET; Schema: public; Owner: codeteam
--

SELECT pg_catalog.setval('public.strapi_core_store_settings_id_seq', 47, true);


--
-- Name: strapi_database_schema_id_seq; Type: SEQUENCE SET; Schema: public; Owner: codeteam
--

SELECT pg_catalog.setval('public.strapi_database_schema_id_seq', 57, true);


--
-- Name: strapi_migrations_id_seq; Type: SEQUENCE SET; Schema: public; Owner: codeteam
--

SELECT pg_catalog.setval('public.strapi_migrations_id_seq', 1, false);


--
-- Name: strapi_transfer_token_permissions_id_seq; Type: SEQUENCE SET; Schema: public; Owner: codeteam
--

SELECT pg_catalog.setval('public.strapi_transfer_token_permissions_id_seq', 1, false);


--
-- Name: strapi_transfer_token_permissions_token_links_id_seq; Type: SEQUENCE SET; Schema: public; Owner: codeteam
--

SELECT pg_catalog.setval('public.strapi_transfer_token_permissions_token_links_id_seq', 1, false);


--
-- Name: strapi_transfer_tokens_id_seq; Type: SEQUENCE SET; Schema: public; Owner: codeteam
--

SELECT pg_catalog.setval('public.strapi_transfer_tokens_id_seq', 1, false);


--
-- Name: strapi_webhooks_id_seq; Type: SEQUENCE SET; Schema: public; Owner: codeteam
--

SELECT pg_catalog.setval('public.strapi_webhooks_id_seq', 1, false);


--
-- Name: up_permissions_id_seq; Type: SEQUENCE SET; Schema: public; Owner: codeteam
--

SELECT pg_catalog.setval('public.up_permissions_id_seq', 21, true);


--
-- Name: up_permissions_role_links_id_seq; Type: SEQUENCE SET; Schema: public; Owner: codeteam
--

SELECT pg_catalog.setval('public.up_permissions_role_links_id_seq', 21, true);


--
-- Name: up_roles_id_seq; Type: SEQUENCE SET; Schema: public; Owner: codeteam
--

SELECT pg_catalog.setval('public.up_roles_id_seq', 2, true);


--
-- Name: up_users_id_seq; Type: SEQUENCE SET; Schema: public; Owner: codeteam
--

SELECT pg_catalog.setval('public.up_users_id_seq', 1, false);


--
-- Name: up_users_role_links_id_seq; Type: SEQUENCE SET; Schema: public; Owner: codeteam
--

SELECT pg_catalog.setval('public.up_users_role_links_id_seq', 1, false);


--
-- Name: upload_folders_id_seq; Type: SEQUENCE SET; Schema: public; Owner: codeteam
--

SELECT pg_catalog.setval('public.upload_folders_id_seq', 1, false);


--
-- Name: upload_folders_parent_links_id_seq; Type: SEQUENCE SET; Schema: public; Owner: codeteam
--

SELECT pg_catalog.setval('public.upload_folders_parent_links_id_seq', 1, false);


--
-- Name: working_times_components_id_seq; Type: SEQUENCE SET; Schema: public; Owner: codeteam
--

SELECT pg_catalog.setval('public.working_times_components_id_seq', 8, true);


--
-- Name: working_times_id_seq; Type: SEQUENCE SET; Schema: public; Owner: codeteam
--

SELECT pg_catalog.setval('public.working_times_id_seq', 1, true);


--
-- Name: admin_permissions admin_permissions_pkey; Type: CONSTRAINT; Schema: public; Owner: codeteam
--

ALTER TABLE ONLY public.admin_permissions
    ADD CONSTRAINT admin_permissions_pkey PRIMARY KEY (id);


--
-- Name: admin_permissions_role_links admin_permissions_role_links_pkey; Type: CONSTRAINT; Schema: public; Owner: codeteam
--

ALTER TABLE ONLY public.admin_permissions_role_links
    ADD CONSTRAINT admin_permissions_role_links_pkey PRIMARY KEY (id);


--
-- Name: admin_permissions_role_links admin_permissions_role_links_unique; Type: CONSTRAINT; Schema: public; Owner: codeteam
--

ALTER TABLE ONLY public.admin_permissions_role_links
    ADD CONSTRAINT admin_permissions_role_links_unique UNIQUE (permission_id, role_id);


--
-- Name: admin_roles admin_roles_pkey; Type: CONSTRAINT; Schema: public; Owner: codeteam
--

ALTER TABLE ONLY public.admin_roles
    ADD CONSTRAINT admin_roles_pkey PRIMARY KEY (id);


--
-- Name: admin_users admin_users_pkey; Type: CONSTRAINT; Schema: public; Owner: codeteam
--

ALTER TABLE ONLY public.admin_users
    ADD CONSTRAINT admin_users_pkey PRIMARY KEY (id);


--
-- Name: admin_users_roles_links admin_users_roles_links_pkey; Type: CONSTRAINT; Schema: public; Owner: codeteam
--

ALTER TABLE ONLY public.admin_users_roles_links
    ADD CONSTRAINT admin_users_roles_links_pkey PRIMARY KEY (id);


--
-- Name: admin_users_roles_links admin_users_roles_links_unique; Type: CONSTRAINT; Schema: public; Owner: codeteam
--

ALTER TABLE ONLY public.admin_users_roles_links
    ADD CONSTRAINT admin_users_roles_links_unique UNIQUE (user_id, role_id);


--
-- Name: commodities_localizations_links commodities_localizations_links_pkey; Type: CONSTRAINT; Schema: public; Owner: ttskanyan
--

ALTER TABLE ONLY public.commodities_localizations_links
    ADD CONSTRAINT commodities_localizations_links_pkey PRIMARY KEY (id);


--
-- Name: commodities_localizations_links commodities_localizations_links_unique; Type: CONSTRAINT; Schema: public; Owner: ttskanyan
--

ALTER TABLE ONLY public.commodities_localizations_links
    ADD CONSTRAINT commodities_localizations_links_unique UNIQUE (commodity_id, inv_commodity_id);


--
-- Name: commodities commodities_pkey; Type: CONSTRAINT; Schema: public; Owner: ttskanyan
--

ALTER TABLE ONLY public.commodities
    ADD CONSTRAINT commodities_pkey PRIMARY KEY (id);


--
-- Name: components_block_block_text_images components_block_block_text_images_pkey; Type: CONSTRAINT; Schema: public; Owner: codeteam
--

ALTER TABLE ONLY public.components_block_block_text_images
    ADD CONSTRAINT components_block_block_text_images_pkey PRIMARY KEY (id);


--
-- Name: components_block_block_with_text_onlies components_block_block_with_text_onlies_pkey; Type: CONSTRAINT; Schema: public; Owner: ttskanyan
--

ALTER TABLE ONLY public.components_block_block_with_text_onlies
    ADD CONSTRAINT components_block_block_with_text_onlies_pkey PRIMARY KEY (id);


--
-- Name: components_seo_metas components_seo_metas_pkey; Type: CONSTRAINT; Schema: public; Owner: codeteam
--

ALTER TABLE ONLY public.components_seo_metas
    ADD CONSTRAINT components_seo_metas_pkey PRIMARY KEY (id);


--
-- Name: components_seo_seos_components components_seo_seos_components_pkey; Type: CONSTRAINT; Schema: public; Owner: codeteam
--

ALTER TABLE ONLY public.components_seo_seos_components
    ADD CONSTRAINT components_seo_seos_components_pkey PRIMARY KEY (id);


--
-- Name: components_seo_seos components_seo_seos_pkey; Type: CONSTRAINT; Schema: public; Owner: codeteam
--

ALTER TABLE ONLY public.components_seo_seos
    ADD CONSTRAINT components_seo_seos_pkey PRIMARY KEY (id);


--
-- Name: components_seo_seos_components components_seo_seos_unique; Type: CONSTRAINT; Schema: public; Owner: codeteam
--

ALTER TABLE ONLY public.components_seo_seos_components
    ADD CONSTRAINT components_seo_seos_unique UNIQUE (entity_id, component_id, field, component_type);


--
-- Name: components_socials_social_networks components_socials_social_networks_pkey; Type: CONSTRAINT; Schema: public; Owner: codeteam
--

ALTER TABLE ONLY public.components_socials_social_networks
    ADD CONSTRAINT components_socials_social_networks_pkey PRIMARY KEY (id);


--
-- Name: components_socials_working_times components_socials_working_times_pkey; Type: CONSTRAINT; Schema: public; Owner: codeteam
--

ALTER TABLE ONLY public.components_socials_working_times
    ADD CONSTRAINT components_socials_working_times_pkey PRIMARY KEY (id);


--
-- Name: files_folder_links files_folder_links_pkey; Type: CONSTRAINT; Schema: public; Owner: codeteam
--

ALTER TABLE ONLY public.files_folder_links
    ADD CONSTRAINT files_folder_links_pkey PRIMARY KEY (id);


--
-- Name: files_folder_links files_folder_links_unique; Type: CONSTRAINT; Schema: public; Owner: codeteam
--

ALTER TABLE ONLY public.files_folder_links
    ADD CONSTRAINT files_folder_links_unique UNIQUE (file_id, folder_id);


--
-- Name: files files_pkey; Type: CONSTRAINT; Schema: public; Owner: codeteam
--

ALTER TABLE ONLY public.files
    ADD CONSTRAINT files_pkey PRIMARY KEY (id);


--
-- Name: files_related_morphs files_related_morphs_pkey; Type: CONSTRAINT; Schema: public; Owner: codeteam
--

ALTER TABLE ONLY public.files_related_morphs
    ADD CONSTRAINT files_related_morphs_pkey PRIMARY KEY (id);


--
-- Name: i18n_locale i18n_locale_pkey; Type: CONSTRAINT; Schema: public; Owner: codeteam
--

ALTER TABLE ONLY public.i18n_locale
    ADD CONSTRAINT i18n_locale_pkey PRIMARY KEY (id);


--
-- Name: mains_components mains_components_pkey; Type: CONSTRAINT; Schema: public; Owner: codeteam
--

ALTER TABLE ONLY public.mains_components
    ADD CONSTRAINT mains_components_pkey PRIMARY KEY (id);


--
-- Name: mains_localizations_links mains_localizations_links_pkey; Type: CONSTRAINT; Schema: public; Owner: codeteam
--

ALTER TABLE ONLY public.mains_localizations_links
    ADD CONSTRAINT mains_localizations_links_pkey PRIMARY KEY (id);


--
-- Name: mains_localizations_links mains_localizations_links_unique; Type: CONSTRAINT; Schema: public; Owner: codeteam
--

ALTER TABLE ONLY public.mains_localizations_links
    ADD CONSTRAINT mains_localizations_links_unique UNIQUE (main_id, inv_main_id);


--
-- Name: mains mains_pkey; Type: CONSTRAINT; Schema: public; Owner: codeteam
--

ALTER TABLE ONLY public.mains
    ADD CONSTRAINT mains_pkey PRIMARY KEY (id);


--
-- Name: mains_components mains_unique; Type: CONSTRAINT; Schema: public; Owner: codeteam
--

ALTER TABLE ONLY public.mains_components
    ADD CONSTRAINT mains_unique UNIQUE (entity_id, component_id, field, component_type);


--
-- Name: products_components products_components_pkey; Type: CONSTRAINT; Schema: public; Owner: ttskanyan
--

ALTER TABLE ONLY public.products_components
    ADD CONSTRAINT products_components_pkey PRIMARY KEY (id);


--
-- Name: products_localizations_links products_localizations_links_pkey; Type: CONSTRAINT; Schema: public; Owner: ttskanyan
--

ALTER TABLE ONLY public.products_localizations_links
    ADD CONSTRAINT products_localizations_links_pkey PRIMARY KEY (id);


--
-- Name: products_localizations_links products_localizations_links_unique; Type: CONSTRAINT; Schema: public; Owner: ttskanyan
--

ALTER TABLE ONLY public.products_localizations_links
    ADD CONSTRAINT products_localizations_links_unique UNIQUE (product_id, inv_product_id);


--
-- Name: products products_pkey; Type: CONSTRAINT; Schema: public; Owner: ttskanyan
--

ALTER TABLE ONLY public.products
    ADD CONSTRAINT products_pkey PRIMARY KEY (id);


--
-- Name: products_components products_unique; Type: CONSTRAINT; Schema: public; Owner: ttskanyan
--

ALTER TABLE ONLY public.products_components
    ADD CONSTRAINT products_unique UNIQUE (entity_id, component_id, field, component_type);


--
-- Name: socials_components socials_components_pkey; Type: CONSTRAINT; Schema: public; Owner: codeteam
--

ALTER TABLE ONLY public.socials_components
    ADD CONSTRAINT socials_components_pkey PRIMARY KEY (id);


--
-- Name: socials socials_pkey; Type: CONSTRAINT; Schema: public; Owner: codeteam
--

ALTER TABLE ONLY public.socials
    ADD CONSTRAINT socials_pkey PRIMARY KEY (id);


--
-- Name: socials_components socials_unique; Type: CONSTRAINT; Schema: public; Owner: codeteam
--

ALTER TABLE ONLY public.socials_components
    ADD CONSTRAINT socials_unique UNIQUE (entity_id, component_id, field, component_type);


--
-- Name: strapi_api_token_permissions strapi_api_token_permissions_pkey; Type: CONSTRAINT; Schema: public; Owner: codeteam
--

ALTER TABLE ONLY public.strapi_api_token_permissions
    ADD CONSTRAINT strapi_api_token_permissions_pkey PRIMARY KEY (id);


--
-- Name: strapi_api_token_permissions_token_links strapi_api_token_permissions_token_links_pkey; Type: CONSTRAINT; Schema: public; Owner: codeteam
--

ALTER TABLE ONLY public.strapi_api_token_permissions_token_links
    ADD CONSTRAINT strapi_api_token_permissions_token_links_pkey PRIMARY KEY (id);


--
-- Name: strapi_api_token_permissions_token_links strapi_api_token_permissions_token_links_unique; Type: CONSTRAINT; Schema: public; Owner: codeteam
--

ALTER TABLE ONLY public.strapi_api_token_permissions_token_links
    ADD CONSTRAINT strapi_api_token_permissions_token_links_unique UNIQUE (api_token_permission_id, api_token_id);


--
-- Name: strapi_api_tokens strapi_api_tokens_pkey; Type: CONSTRAINT; Schema: public; Owner: codeteam
--

ALTER TABLE ONLY public.strapi_api_tokens
    ADD CONSTRAINT strapi_api_tokens_pkey PRIMARY KEY (id);


--
-- Name: strapi_core_store_settings strapi_core_store_settings_pkey; Type: CONSTRAINT; Schema: public; Owner: codeteam
--

ALTER TABLE ONLY public.strapi_core_store_settings
    ADD CONSTRAINT strapi_core_store_settings_pkey PRIMARY KEY (id);


--
-- Name: strapi_database_schema strapi_database_schema_pkey; Type: CONSTRAINT; Schema: public; Owner: codeteam
--

ALTER TABLE ONLY public.strapi_database_schema
    ADD CONSTRAINT strapi_database_schema_pkey PRIMARY KEY (id);


--
-- Name: strapi_migrations strapi_migrations_pkey; Type: CONSTRAINT; Schema: public; Owner: codeteam
--

ALTER TABLE ONLY public.strapi_migrations
    ADD CONSTRAINT strapi_migrations_pkey PRIMARY KEY (id);


--
-- Name: strapi_transfer_token_permissions strapi_transfer_token_permissions_pkey; Type: CONSTRAINT; Schema: public; Owner: codeteam
--

ALTER TABLE ONLY public.strapi_transfer_token_permissions
    ADD CONSTRAINT strapi_transfer_token_permissions_pkey PRIMARY KEY (id);


--
-- Name: strapi_transfer_token_permissions_token_links strapi_transfer_token_permissions_token_links_pkey; Type: CONSTRAINT; Schema: public; Owner: codeteam
--

ALTER TABLE ONLY public.strapi_transfer_token_permissions_token_links
    ADD CONSTRAINT strapi_transfer_token_permissions_token_links_pkey PRIMARY KEY (id);


--
-- Name: strapi_transfer_token_permissions_token_links strapi_transfer_token_permissions_token_links_unique; Type: CONSTRAINT; Schema: public; Owner: codeteam
--

ALTER TABLE ONLY public.strapi_transfer_token_permissions_token_links
    ADD CONSTRAINT strapi_transfer_token_permissions_token_links_unique UNIQUE (transfer_token_permission_id, transfer_token_id);


--
-- Name: strapi_transfer_tokens strapi_transfer_tokens_pkey; Type: CONSTRAINT; Schema: public; Owner: codeteam
--

ALTER TABLE ONLY public.strapi_transfer_tokens
    ADD CONSTRAINT strapi_transfer_tokens_pkey PRIMARY KEY (id);


--
-- Name: strapi_webhooks strapi_webhooks_pkey; Type: CONSTRAINT; Schema: public; Owner: codeteam
--

ALTER TABLE ONLY public.strapi_webhooks
    ADD CONSTRAINT strapi_webhooks_pkey PRIMARY KEY (id);


--
-- Name: up_permissions up_permissions_pkey; Type: CONSTRAINT; Schema: public; Owner: codeteam
--

ALTER TABLE ONLY public.up_permissions
    ADD CONSTRAINT up_permissions_pkey PRIMARY KEY (id);


--
-- Name: up_permissions_role_links up_permissions_role_links_pkey; Type: CONSTRAINT; Schema: public; Owner: codeteam
--

ALTER TABLE ONLY public.up_permissions_role_links
    ADD CONSTRAINT up_permissions_role_links_pkey PRIMARY KEY (id);


--
-- Name: up_permissions_role_links up_permissions_role_links_unique; Type: CONSTRAINT; Schema: public; Owner: codeteam
--

ALTER TABLE ONLY public.up_permissions_role_links
    ADD CONSTRAINT up_permissions_role_links_unique UNIQUE (permission_id, role_id);


--
-- Name: up_roles up_roles_pkey; Type: CONSTRAINT; Schema: public; Owner: codeteam
--

ALTER TABLE ONLY public.up_roles
    ADD CONSTRAINT up_roles_pkey PRIMARY KEY (id);


--
-- Name: up_users up_users_pkey; Type: CONSTRAINT; Schema: public; Owner: codeteam
--

ALTER TABLE ONLY public.up_users
    ADD CONSTRAINT up_users_pkey PRIMARY KEY (id);


--
-- Name: up_users_role_links up_users_role_links_pkey; Type: CONSTRAINT; Schema: public; Owner: codeteam
--

ALTER TABLE ONLY public.up_users_role_links
    ADD CONSTRAINT up_users_role_links_pkey PRIMARY KEY (id);


--
-- Name: up_users_role_links up_users_role_links_unique; Type: CONSTRAINT; Schema: public; Owner: codeteam
--

ALTER TABLE ONLY public.up_users_role_links
    ADD CONSTRAINT up_users_role_links_unique UNIQUE (user_id, role_id);


--
-- Name: upload_folders_parent_links upload_folders_parent_links_pkey; Type: CONSTRAINT; Schema: public; Owner: codeteam
--

ALTER TABLE ONLY public.upload_folders_parent_links
    ADD CONSTRAINT upload_folders_parent_links_pkey PRIMARY KEY (id);


--
-- Name: upload_folders_parent_links upload_folders_parent_links_unique; Type: CONSTRAINT; Schema: public; Owner: codeteam
--

ALTER TABLE ONLY public.upload_folders_parent_links
    ADD CONSTRAINT upload_folders_parent_links_unique UNIQUE (folder_id, inv_folder_id);


--
-- Name: upload_folders upload_folders_path_id_index; Type: CONSTRAINT; Schema: public; Owner: codeteam
--

ALTER TABLE ONLY public.upload_folders
    ADD CONSTRAINT upload_folders_path_id_index UNIQUE (path_id);


--
-- Name: upload_folders upload_folders_path_index; Type: CONSTRAINT; Schema: public; Owner: codeteam
--

ALTER TABLE ONLY public.upload_folders
    ADD CONSTRAINT upload_folders_path_index UNIQUE (path);


--
-- Name: upload_folders upload_folders_pkey; Type: CONSTRAINT; Schema: public; Owner: codeteam
--

ALTER TABLE ONLY public.upload_folders
    ADD CONSTRAINT upload_folders_pkey PRIMARY KEY (id);


--
-- Name: working_times_components working_times_components_pkey; Type: CONSTRAINT; Schema: public; Owner: codeteam
--

ALTER TABLE ONLY public.working_times_components
    ADD CONSTRAINT working_times_components_pkey PRIMARY KEY (id);


--
-- Name: working_times working_times_pkey; Type: CONSTRAINT; Schema: public; Owner: codeteam
--

ALTER TABLE ONLY public.working_times
    ADD CONSTRAINT working_times_pkey PRIMARY KEY (id);


--
-- Name: working_times_components working_times_unique; Type: CONSTRAINT; Schema: public; Owner: codeteam
--

ALTER TABLE ONLY public.working_times_components
    ADD CONSTRAINT working_times_unique UNIQUE (entity_id, component_id, field, component_type);


--
-- Name: admin_permissions_created_by_id_fk; Type: INDEX; Schema: public; Owner: codeteam
--

CREATE INDEX admin_permissions_created_by_id_fk ON public.admin_permissions USING btree (created_by_id);


--
-- Name: admin_permissions_role_links_fk; Type: INDEX; Schema: public; Owner: codeteam
--

CREATE INDEX admin_permissions_role_links_fk ON public.admin_permissions_role_links USING btree (permission_id);


--
-- Name: admin_permissions_role_links_inv_fk; Type: INDEX; Schema: public; Owner: codeteam
--

CREATE INDEX admin_permissions_role_links_inv_fk ON public.admin_permissions_role_links USING btree (role_id);


--
-- Name: admin_permissions_role_links_order_inv_fk; Type: INDEX; Schema: public; Owner: codeteam
--

CREATE INDEX admin_permissions_role_links_order_inv_fk ON public.admin_permissions_role_links USING btree (permission_order);


--
-- Name: admin_permissions_updated_by_id_fk; Type: INDEX; Schema: public; Owner: codeteam
--

CREATE INDEX admin_permissions_updated_by_id_fk ON public.admin_permissions USING btree (updated_by_id);


--
-- Name: admin_roles_created_by_id_fk; Type: INDEX; Schema: public; Owner: codeteam
--

CREATE INDEX admin_roles_created_by_id_fk ON public.admin_roles USING btree (created_by_id);


--
-- Name: admin_roles_updated_by_id_fk; Type: INDEX; Schema: public; Owner: codeteam
--

CREATE INDEX admin_roles_updated_by_id_fk ON public.admin_roles USING btree (updated_by_id);


--
-- Name: admin_users_created_by_id_fk; Type: INDEX; Schema: public; Owner: codeteam
--

CREATE INDEX admin_users_created_by_id_fk ON public.admin_users USING btree (created_by_id);


--
-- Name: admin_users_roles_links_fk; Type: INDEX; Schema: public; Owner: codeteam
--

CREATE INDEX admin_users_roles_links_fk ON public.admin_users_roles_links USING btree (user_id);


--
-- Name: admin_users_roles_links_inv_fk; Type: INDEX; Schema: public; Owner: codeteam
--

CREATE INDEX admin_users_roles_links_inv_fk ON public.admin_users_roles_links USING btree (role_id);


--
-- Name: admin_users_roles_links_order_fk; Type: INDEX; Schema: public; Owner: codeteam
--

CREATE INDEX admin_users_roles_links_order_fk ON public.admin_users_roles_links USING btree (role_order);


--
-- Name: admin_users_roles_links_order_inv_fk; Type: INDEX; Schema: public; Owner: codeteam
--

CREATE INDEX admin_users_roles_links_order_inv_fk ON public.admin_users_roles_links USING btree (user_order);


--
-- Name: admin_users_updated_by_id_fk; Type: INDEX; Schema: public; Owner: codeteam
--

CREATE INDEX admin_users_updated_by_id_fk ON public.admin_users USING btree (updated_by_id);


--
-- Name: commodities_created_by_id_fk; Type: INDEX; Schema: public; Owner: ttskanyan
--

CREATE INDEX commodities_created_by_id_fk ON public.commodities USING btree (created_by_id);


--
-- Name: commodities_localizations_links_fk; Type: INDEX; Schema: public; Owner: ttskanyan
--

CREATE INDEX commodities_localizations_links_fk ON public.commodities_localizations_links USING btree (commodity_id);


--
-- Name: commodities_localizations_links_inv_fk; Type: INDEX; Schema: public; Owner: ttskanyan
--

CREATE INDEX commodities_localizations_links_inv_fk ON public.commodities_localizations_links USING btree (inv_commodity_id);


--
-- Name: commodities_localizations_links_order_fk; Type: INDEX; Schema: public; Owner: ttskanyan
--

CREATE INDEX commodities_localizations_links_order_fk ON public.commodities_localizations_links USING btree (commodity_order);


--
-- Name: commodities_updated_by_id_fk; Type: INDEX; Schema: public; Owner: ttskanyan
--

CREATE INDEX commodities_updated_by_id_fk ON public.commodities USING btree (updated_by_id);


--
-- Name: components_seo_seos_component_type_index; Type: INDEX; Schema: public; Owner: codeteam
--

CREATE INDEX components_seo_seos_component_type_index ON public.components_seo_seos_components USING btree (component_type);


--
-- Name: components_seo_seos_entity_fk; Type: INDEX; Schema: public; Owner: codeteam
--

CREATE INDEX components_seo_seos_entity_fk ON public.components_seo_seos_components USING btree (entity_id);


--
-- Name: components_seo_seos_field_index; Type: INDEX; Schema: public; Owner: codeteam
--

CREATE INDEX components_seo_seos_field_index ON public.components_seo_seos_components USING btree (field);


--
-- Name: files_created_by_id_fk; Type: INDEX; Schema: public; Owner: codeteam
--

CREATE INDEX files_created_by_id_fk ON public.files USING btree (created_by_id);


--
-- Name: files_folder_links_fk; Type: INDEX; Schema: public; Owner: codeteam
--

CREATE INDEX files_folder_links_fk ON public.files_folder_links USING btree (file_id);


--
-- Name: files_folder_links_inv_fk; Type: INDEX; Schema: public; Owner: codeteam
--

CREATE INDEX files_folder_links_inv_fk ON public.files_folder_links USING btree (folder_id);


--
-- Name: files_folder_links_order_inv_fk; Type: INDEX; Schema: public; Owner: codeteam
--

CREATE INDEX files_folder_links_order_inv_fk ON public.files_folder_links USING btree (file_order);


--
-- Name: files_related_morphs_fk; Type: INDEX; Schema: public; Owner: codeteam
--

CREATE INDEX files_related_morphs_fk ON public.files_related_morphs USING btree (file_id);


--
-- Name: files_updated_by_id_fk; Type: INDEX; Schema: public; Owner: codeteam
--

CREATE INDEX files_updated_by_id_fk ON public.files USING btree (updated_by_id);


--
-- Name: i18n_locale_created_by_id_fk; Type: INDEX; Schema: public; Owner: codeteam
--

CREATE INDEX i18n_locale_created_by_id_fk ON public.i18n_locale USING btree (created_by_id);


--
-- Name: i18n_locale_updated_by_id_fk; Type: INDEX; Schema: public; Owner: codeteam
--

CREATE INDEX i18n_locale_updated_by_id_fk ON public.i18n_locale USING btree (updated_by_id);


--
-- Name: mains_component_type_index; Type: INDEX; Schema: public; Owner: codeteam
--

CREATE INDEX mains_component_type_index ON public.mains_components USING btree (component_type);


--
-- Name: mains_created_by_id_fk; Type: INDEX; Schema: public; Owner: codeteam
--

CREATE INDEX mains_created_by_id_fk ON public.mains USING btree (created_by_id);


--
-- Name: mains_entity_fk; Type: INDEX; Schema: public; Owner: codeteam
--

CREATE INDEX mains_entity_fk ON public.mains_components USING btree (entity_id);


--
-- Name: mains_field_index; Type: INDEX; Schema: public; Owner: codeteam
--

CREATE INDEX mains_field_index ON public.mains_components USING btree (field);


--
-- Name: mains_localizations_links_fk; Type: INDEX; Schema: public; Owner: codeteam
--

CREATE INDEX mains_localizations_links_fk ON public.mains_localizations_links USING btree (main_id);


--
-- Name: mains_localizations_links_inv_fk; Type: INDEX; Schema: public; Owner: codeteam
--

CREATE INDEX mains_localizations_links_inv_fk ON public.mains_localizations_links USING btree (inv_main_id);


--
-- Name: mains_localizations_links_order_fk; Type: INDEX; Schema: public; Owner: codeteam
--

CREATE INDEX mains_localizations_links_order_fk ON public.mains_localizations_links USING btree (main_order);


--
-- Name: mains_updated_by_id_fk; Type: INDEX; Schema: public; Owner: codeteam
--

CREATE INDEX mains_updated_by_id_fk ON public.mains USING btree (updated_by_id);


--
-- Name: products_component_type_index; Type: INDEX; Schema: public; Owner: ttskanyan
--

CREATE INDEX products_component_type_index ON public.products_components USING btree (component_type);


--
-- Name: products_created_by_id_fk; Type: INDEX; Schema: public; Owner: ttskanyan
--

CREATE INDEX products_created_by_id_fk ON public.products USING btree (created_by_id);


--
-- Name: products_entity_fk; Type: INDEX; Schema: public; Owner: ttskanyan
--

CREATE INDEX products_entity_fk ON public.products_components USING btree (entity_id);


--
-- Name: products_field_index; Type: INDEX; Schema: public; Owner: ttskanyan
--

CREATE INDEX products_field_index ON public.products_components USING btree (field);


--
-- Name: products_localizations_links_fk; Type: INDEX; Schema: public; Owner: ttskanyan
--

CREATE INDEX products_localizations_links_fk ON public.products_localizations_links USING btree (product_id);


--
-- Name: products_localizations_links_inv_fk; Type: INDEX; Schema: public; Owner: ttskanyan
--

CREATE INDEX products_localizations_links_inv_fk ON public.products_localizations_links USING btree (inv_product_id);


--
-- Name: products_localizations_links_order_fk; Type: INDEX; Schema: public; Owner: ttskanyan
--

CREATE INDEX products_localizations_links_order_fk ON public.products_localizations_links USING btree (product_order);


--
-- Name: products_updated_by_id_fk; Type: INDEX; Schema: public; Owner: ttskanyan
--

CREATE INDEX products_updated_by_id_fk ON public.products USING btree (updated_by_id);


--
-- Name: socials_component_type_index; Type: INDEX; Schema: public; Owner: codeteam
--

CREATE INDEX socials_component_type_index ON public.socials_components USING btree (component_type);


--
-- Name: socials_created_by_id_fk; Type: INDEX; Schema: public; Owner: codeteam
--

CREATE INDEX socials_created_by_id_fk ON public.socials USING btree (created_by_id);


--
-- Name: socials_entity_fk; Type: INDEX; Schema: public; Owner: codeteam
--

CREATE INDEX socials_entity_fk ON public.socials_components USING btree (entity_id);


--
-- Name: socials_field_index; Type: INDEX; Schema: public; Owner: codeteam
--

CREATE INDEX socials_field_index ON public.socials_components USING btree (field);


--
-- Name: socials_updated_by_id_fk; Type: INDEX; Schema: public; Owner: codeteam
--

CREATE INDEX socials_updated_by_id_fk ON public.socials USING btree (updated_by_id);


--
-- Name: strapi_api_token_permissions_created_by_id_fk; Type: INDEX; Schema: public; Owner: codeteam
--

CREATE INDEX strapi_api_token_permissions_created_by_id_fk ON public.strapi_api_token_permissions USING btree (created_by_id);


--
-- Name: strapi_api_token_permissions_token_links_fk; Type: INDEX; Schema: public; Owner: codeteam
--

CREATE INDEX strapi_api_token_permissions_token_links_fk ON public.strapi_api_token_permissions_token_links USING btree (api_token_permission_id);


--
-- Name: strapi_api_token_permissions_token_links_inv_fk; Type: INDEX; Schema: public; Owner: codeteam
--

CREATE INDEX strapi_api_token_permissions_token_links_inv_fk ON public.strapi_api_token_permissions_token_links USING btree (api_token_id);


--
-- Name: strapi_api_token_permissions_token_links_order_inv_fk; Type: INDEX; Schema: public; Owner: codeteam
--

CREATE INDEX strapi_api_token_permissions_token_links_order_inv_fk ON public.strapi_api_token_permissions_token_links USING btree (api_token_permission_order);


--
-- Name: strapi_api_token_permissions_updated_by_id_fk; Type: INDEX; Schema: public; Owner: codeteam
--

CREATE INDEX strapi_api_token_permissions_updated_by_id_fk ON public.strapi_api_token_permissions USING btree (updated_by_id);


--
-- Name: strapi_api_tokens_created_by_id_fk; Type: INDEX; Schema: public; Owner: codeteam
--

CREATE INDEX strapi_api_tokens_created_by_id_fk ON public.strapi_api_tokens USING btree (created_by_id);


--
-- Name: strapi_api_tokens_updated_by_id_fk; Type: INDEX; Schema: public; Owner: codeteam
--

CREATE INDEX strapi_api_tokens_updated_by_id_fk ON public.strapi_api_tokens USING btree (updated_by_id);


--
-- Name: strapi_transfer_token_permissions_created_by_id_fk; Type: INDEX; Schema: public; Owner: codeteam
--

CREATE INDEX strapi_transfer_token_permissions_created_by_id_fk ON public.strapi_transfer_token_permissions USING btree (created_by_id);


--
-- Name: strapi_transfer_token_permissions_token_links_fk; Type: INDEX; Schema: public; Owner: codeteam
--

CREATE INDEX strapi_transfer_token_permissions_token_links_fk ON public.strapi_transfer_token_permissions_token_links USING btree (transfer_token_permission_id);


--
-- Name: strapi_transfer_token_permissions_token_links_inv_fk; Type: INDEX; Schema: public; Owner: codeteam
--

CREATE INDEX strapi_transfer_token_permissions_token_links_inv_fk ON public.strapi_transfer_token_permissions_token_links USING btree (transfer_token_id);


--
-- Name: strapi_transfer_token_permissions_token_links_order_inv_fk; Type: INDEX; Schema: public; Owner: codeteam
--

CREATE INDEX strapi_transfer_token_permissions_token_links_order_inv_fk ON public.strapi_transfer_token_permissions_token_links USING btree (transfer_token_permission_order);


--
-- Name: strapi_transfer_token_permissions_updated_by_id_fk; Type: INDEX; Schema: public; Owner: codeteam
--

CREATE INDEX strapi_transfer_token_permissions_updated_by_id_fk ON public.strapi_transfer_token_permissions USING btree (updated_by_id);


--
-- Name: strapi_transfer_tokens_created_by_id_fk; Type: INDEX; Schema: public; Owner: codeteam
--

CREATE INDEX strapi_transfer_tokens_created_by_id_fk ON public.strapi_transfer_tokens USING btree (created_by_id);


--
-- Name: strapi_transfer_tokens_updated_by_id_fk; Type: INDEX; Schema: public; Owner: codeteam
--

CREATE INDEX strapi_transfer_tokens_updated_by_id_fk ON public.strapi_transfer_tokens USING btree (updated_by_id);


--
-- Name: up_permissions_created_by_id_fk; Type: INDEX; Schema: public; Owner: codeteam
--

CREATE INDEX up_permissions_created_by_id_fk ON public.up_permissions USING btree (created_by_id);


--
-- Name: up_permissions_role_links_fk; Type: INDEX; Schema: public; Owner: codeteam
--

CREATE INDEX up_permissions_role_links_fk ON public.up_permissions_role_links USING btree (permission_id);


--
-- Name: up_permissions_role_links_inv_fk; Type: INDEX; Schema: public; Owner: codeteam
--

CREATE INDEX up_permissions_role_links_inv_fk ON public.up_permissions_role_links USING btree (role_id);


--
-- Name: up_permissions_role_links_order_inv_fk; Type: INDEX; Schema: public; Owner: codeteam
--

CREATE INDEX up_permissions_role_links_order_inv_fk ON public.up_permissions_role_links USING btree (permission_order);


--
-- Name: up_permissions_updated_by_id_fk; Type: INDEX; Schema: public; Owner: codeteam
--

CREATE INDEX up_permissions_updated_by_id_fk ON public.up_permissions USING btree (updated_by_id);


--
-- Name: up_roles_created_by_id_fk; Type: INDEX; Schema: public; Owner: codeteam
--

CREATE INDEX up_roles_created_by_id_fk ON public.up_roles USING btree (created_by_id);


--
-- Name: up_roles_updated_by_id_fk; Type: INDEX; Schema: public; Owner: codeteam
--

CREATE INDEX up_roles_updated_by_id_fk ON public.up_roles USING btree (updated_by_id);


--
-- Name: up_users_created_by_id_fk; Type: INDEX; Schema: public; Owner: codeteam
--

CREATE INDEX up_users_created_by_id_fk ON public.up_users USING btree (created_by_id);


--
-- Name: up_users_role_links_fk; Type: INDEX; Schema: public; Owner: codeteam
--

CREATE INDEX up_users_role_links_fk ON public.up_users_role_links USING btree (user_id);


--
-- Name: up_users_role_links_inv_fk; Type: INDEX; Schema: public; Owner: codeteam
--

CREATE INDEX up_users_role_links_inv_fk ON public.up_users_role_links USING btree (role_id);


--
-- Name: up_users_role_links_order_inv_fk; Type: INDEX; Schema: public; Owner: codeteam
--

CREATE INDEX up_users_role_links_order_inv_fk ON public.up_users_role_links USING btree (user_order);


--
-- Name: up_users_updated_by_id_fk; Type: INDEX; Schema: public; Owner: codeteam
--

CREATE INDEX up_users_updated_by_id_fk ON public.up_users USING btree (updated_by_id);


--
-- Name: upload_files_created_at_index; Type: INDEX; Schema: public; Owner: codeteam
--

CREATE INDEX upload_files_created_at_index ON public.files USING btree (created_at);


--
-- Name: upload_files_ext_index; Type: INDEX; Schema: public; Owner: codeteam
--

CREATE INDEX upload_files_ext_index ON public.files USING btree (ext);


--
-- Name: upload_files_folder_path_index; Type: INDEX; Schema: public; Owner: codeteam
--

CREATE INDEX upload_files_folder_path_index ON public.files USING btree (folder_path);


--
-- Name: upload_files_name_index; Type: INDEX; Schema: public; Owner: codeteam
--

CREATE INDEX upload_files_name_index ON public.files USING btree (name);


--
-- Name: upload_files_size_index; Type: INDEX; Schema: public; Owner: codeteam
--

CREATE INDEX upload_files_size_index ON public.files USING btree (size);


--
-- Name: upload_files_updated_at_index; Type: INDEX; Schema: public; Owner: codeteam
--

CREATE INDEX upload_files_updated_at_index ON public.files USING btree (updated_at);


--
-- Name: upload_folders_created_by_id_fk; Type: INDEX; Schema: public; Owner: codeteam
--

CREATE INDEX upload_folders_created_by_id_fk ON public.upload_folders USING btree (created_by_id);


--
-- Name: upload_folders_parent_links_fk; Type: INDEX; Schema: public; Owner: codeteam
--

CREATE INDEX upload_folders_parent_links_fk ON public.upload_folders_parent_links USING btree (folder_id);


--
-- Name: upload_folders_parent_links_inv_fk; Type: INDEX; Schema: public; Owner: codeteam
--

CREATE INDEX upload_folders_parent_links_inv_fk ON public.upload_folders_parent_links USING btree (inv_folder_id);


--
-- Name: upload_folders_parent_links_order_inv_fk; Type: INDEX; Schema: public; Owner: codeteam
--

CREATE INDEX upload_folders_parent_links_order_inv_fk ON public.upload_folders_parent_links USING btree (folder_order);


--
-- Name: upload_folders_updated_by_id_fk; Type: INDEX; Schema: public; Owner: codeteam
--

CREATE INDEX upload_folders_updated_by_id_fk ON public.upload_folders USING btree (updated_by_id);


--
-- Name: working_times_component_type_index; Type: INDEX; Schema: public; Owner: codeteam
--

CREATE INDEX working_times_component_type_index ON public.working_times_components USING btree (component_type);


--
-- Name: working_times_created_by_id_fk; Type: INDEX; Schema: public; Owner: codeteam
--

CREATE INDEX working_times_created_by_id_fk ON public.working_times USING btree (created_by_id);


--
-- Name: working_times_entity_fk; Type: INDEX; Schema: public; Owner: codeteam
--

CREATE INDEX working_times_entity_fk ON public.working_times_components USING btree (entity_id);


--
-- Name: working_times_field_index; Type: INDEX; Schema: public; Owner: codeteam
--

CREATE INDEX working_times_field_index ON public.working_times_components USING btree (field);


--
-- Name: working_times_updated_by_id_fk; Type: INDEX; Schema: public; Owner: codeteam
--

CREATE INDEX working_times_updated_by_id_fk ON public.working_times USING btree (updated_by_id);


--
-- Name: admin_permissions admin_permissions_created_by_id_fk; Type: FK CONSTRAINT; Schema: public; Owner: codeteam
--

ALTER TABLE ONLY public.admin_permissions
    ADD CONSTRAINT admin_permissions_created_by_id_fk FOREIGN KEY (created_by_id) REFERENCES public.admin_users(id) ON DELETE SET NULL;


--
-- Name: admin_permissions_role_links admin_permissions_role_links_fk; Type: FK CONSTRAINT; Schema: public; Owner: codeteam
--

ALTER TABLE ONLY public.admin_permissions_role_links
    ADD CONSTRAINT admin_permissions_role_links_fk FOREIGN KEY (permission_id) REFERENCES public.admin_permissions(id) ON DELETE CASCADE;


--
-- Name: admin_permissions_role_links admin_permissions_role_links_inv_fk; Type: FK CONSTRAINT; Schema: public; Owner: codeteam
--

ALTER TABLE ONLY public.admin_permissions_role_links
    ADD CONSTRAINT admin_permissions_role_links_inv_fk FOREIGN KEY (role_id) REFERENCES public.admin_roles(id) ON DELETE CASCADE;


--
-- Name: admin_permissions admin_permissions_updated_by_id_fk; Type: FK CONSTRAINT; Schema: public; Owner: codeteam
--

ALTER TABLE ONLY public.admin_permissions
    ADD CONSTRAINT admin_permissions_updated_by_id_fk FOREIGN KEY (updated_by_id) REFERENCES public.admin_users(id) ON DELETE SET NULL;


--
-- Name: admin_roles admin_roles_created_by_id_fk; Type: FK CONSTRAINT; Schema: public; Owner: codeteam
--

ALTER TABLE ONLY public.admin_roles
    ADD CONSTRAINT admin_roles_created_by_id_fk FOREIGN KEY (created_by_id) REFERENCES public.admin_users(id) ON DELETE SET NULL;


--
-- Name: admin_roles admin_roles_updated_by_id_fk; Type: FK CONSTRAINT; Schema: public; Owner: codeteam
--

ALTER TABLE ONLY public.admin_roles
    ADD CONSTRAINT admin_roles_updated_by_id_fk FOREIGN KEY (updated_by_id) REFERENCES public.admin_users(id) ON DELETE SET NULL;


--
-- Name: admin_users admin_users_created_by_id_fk; Type: FK CONSTRAINT; Schema: public; Owner: codeteam
--

ALTER TABLE ONLY public.admin_users
    ADD CONSTRAINT admin_users_created_by_id_fk FOREIGN KEY (created_by_id) REFERENCES public.admin_users(id) ON DELETE SET NULL;


--
-- Name: admin_users_roles_links admin_users_roles_links_fk; Type: FK CONSTRAINT; Schema: public; Owner: codeteam
--

ALTER TABLE ONLY public.admin_users_roles_links
    ADD CONSTRAINT admin_users_roles_links_fk FOREIGN KEY (user_id) REFERENCES public.admin_users(id) ON DELETE CASCADE;


--
-- Name: admin_users_roles_links admin_users_roles_links_inv_fk; Type: FK CONSTRAINT; Schema: public; Owner: codeteam
--

ALTER TABLE ONLY public.admin_users_roles_links
    ADD CONSTRAINT admin_users_roles_links_inv_fk FOREIGN KEY (role_id) REFERENCES public.admin_roles(id) ON DELETE CASCADE;


--
-- Name: admin_users admin_users_updated_by_id_fk; Type: FK CONSTRAINT; Schema: public; Owner: codeteam
--

ALTER TABLE ONLY public.admin_users
    ADD CONSTRAINT admin_users_updated_by_id_fk FOREIGN KEY (updated_by_id) REFERENCES public.admin_users(id) ON DELETE SET NULL;


--
-- Name: commodities commodities_created_by_id_fk; Type: FK CONSTRAINT; Schema: public; Owner: ttskanyan
--

ALTER TABLE ONLY public.commodities
    ADD CONSTRAINT commodities_created_by_id_fk FOREIGN KEY (created_by_id) REFERENCES public.admin_users(id) ON DELETE SET NULL;


--
-- Name: commodities_localizations_links commodities_localizations_links_fk; Type: FK CONSTRAINT; Schema: public; Owner: ttskanyan
--

ALTER TABLE ONLY public.commodities_localizations_links
    ADD CONSTRAINT commodities_localizations_links_fk FOREIGN KEY (commodity_id) REFERENCES public.commodities(id) ON DELETE CASCADE;


--
-- Name: commodities_localizations_links commodities_localizations_links_inv_fk; Type: FK CONSTRAINT; Schema: public; Owner: ttskanyan
--

ALTER TABLE ONLY public.commodities_localizations_links
    ADD CONSTRAINT commodities_localizations_links_inv_fk FOREIGN KEY (inv_commodity_id) REFERENCES public.commodities(id) ON DELETE CASCADE;


--
-- Name: commodities commodities_updated_by_id_fk; Type: FK CONSTRAINT; Schema: public; Owner: ttskanyan
--

ALTER TABLE ONLY public.commodities
    ADD CONSTRAINT commodities_updated_by_id_fk FOREIGN KEY (updated_by_id) REFERENCES public.admin_users(id) ON DELETE SET NULL;


--
-- Name: components_seo_seos_components components_seo_seos_entity_fk; Type: FK CONSTRAINT; Schema: public; Owner: codeteam
--

ALTER TABLE ONLY public.components_seo_seos_components
    ADD CONSTRAINT components_seo_seos_entity_fk FOREIGN KEY (entity_id) REFERENCES public.components_seo_seos(id) ON DELETE CASCADE;


--
-- Name: files files_created_by_id_fk; Type: FK CONSTRAINT; Schema: public; Owner: codeteam
--

ALTER TABLE ONLY public.files
    ADD CONSTRAINT files_created_by_id_fk FOREIGN KEY (created_by_id) REFERENCES public.admin_users(id) ON DELETE SET NULL;


--
-- Name: files_folder_links files_folder_links_fk; Type: FK CONSTRAINT; Schema: public; Owner: codeteam
--

ALTER TABLE ONLY public.files_folder_links
    ADD CONSTRAINT files_folder_links_fk FOREIGN KEY (file_id) REFERENCES public.files(id) ON DELETE CASCADE;


--
-- Name: files_folder_links files_folder_links_inv_fk; Type: FK CONSTRAINT; Schema: public; Owner: codeteam
--

ALTER TABLE ONLY public.files_folder_links
    ADD CONSTRAINT files_folder_links_inv_fk FOREIGN KEY (folder_id) REFERENCES public.upload_folders(id) ON DELETE CASCADE;


--
-- Name: files_related_morphs files_related_morphs_fk; Type: FK CONSTRAINT; Schema: public; Owner: codeteam
--

ALTER TABLE ONLY public.files_related_morphs
    ADD CONSTRAINT files_related_morphs_fk FOREIGN KEY (file_id) REFERENCES public.files(id) ON DELETE CASCADE;


--
-- Name: files files_updated_by_id_fk; Type: FK CONSTRAINT; Schema: public; Owner: codeteam
--

ALTER TABLE ONLY public.files
    ADD CONSTRAINT files_updated_by_id_fk FOREIGN KEY (updated_by_id) REFERENCES public.admin_users(id) ON DELETE SET NULL;


--
-- Name: i18n_locale i18n_locale_created_by_id_fk; Type: FK CONSTRAINT; Schema: public; Owner: codeteam
--

ALTER TABLE ONLY public.i18n_locale
    ADD CONSTRAINT i18n_locale_created_by_id_fk FOREIGN KEY (created_by_id) REFERENCES public.admin_users(id) ON DELETE SET NULL;


--
-- Name: i18n_locale i18n_locale_updated_by_id_fk; Type: FK CONSTRAINT; Schema: public; Owner: codeteam
--

ALTER TABLE ONLY public.i18n_locale
    ADD CONSTRAINT i18n_locale_updated_by_id_fk FOREIGN KEY (updated_by_id) REFERENCES public.admin_users(id) ON DELETE SET NULL;


--
-- Name: mains mains_created_by_id_fk; Type: FK CONSTRAINT; Schema: public; Owner: codeteam
--

ALTER TABLE ONLY public.mains
    ADD CONSTRAINT mains_created_by_id_fk FOREIGN KEY (created_by_id) REFERENCES public.admin_users(id) ON DELETE SET NULL;


--
-- Name: mains_components mains_entity_fk; Type: FK CONSTRAINT; Schema: public; Owner: codeteam
--

ALTER TABLE ONLY public.mains_components
    ADD CONSTRAINT mains_entity_fk FOREIGN KEY (entity_id) REFERENCES public.mains(id) ON DELETE CASCADE;


--
-- Name: mains_localizations_links mains_localizations_links_fk; Type: FK CONSTRAINT; Schema: public; Owner: codeteam
--

ALTER TABLE ONLY public.mains_localizations_links
    ADD CONSTRAINT mains_localizations_links_fk FOREIGN KEY (main_id) REFERENCES public.mains(id) ON DELETE CASCADE;


--
-- Name: mains_localizations_links mains_localizations_links_inv_fk; Type: FK CONSTRAINT; Schema: public; Owner: codeteam
--

ALTER TABLE ONLY public.mains_localizations_links
    ADD CONSTRAINT mains_localizations_links_inv_fk FOREIGN KEY (inv_main_id) REFERENCES public.mains(id) ON DELETE CASCADE;


--
-- Name: mains mains_updated_by_id_fk; Type: FK CONSTRAINT; Schema: public; Owner: codeteam
--

ALTER TABLE ONLY public.mains
    ADD CONSTRAINT mains_updated_by_id_fk FOREIGN KEY (updated_by_id) REFERENCES public.admin_users(id) ON DELETE SET NULL;


--
-- Name: products products_created_by_id_fk; Type: FK CONSTRAINT; Schema: public; Owner: ttskanyan
--

ALTER TABLE ONLY public.products
    ADD CONSTRAINT products_created_by_id_fk FOREIGN KEY (created_by_id) REFERENCES public.admin_users(id) ON DELETE SET NULL;


--
-- Name: products_components products_entity_fk; Type: FK CONSTRAINT; Schema: public; Owner: ttskanyan
--

ALTER TABLE ONLY public.products_components
    ADD CONSTRAINT products_entity_fk FOREIGN KEY (entity_id) REFERENCES public.products(id) ON DELETE CASCADE;


--
-- Name: products_localizations_links products_localizations_links_fk; Type: FK CONSTRAINT; Schema: public; Owner: ttskanyan
--

ALTER TABLE ONLY public.products_localizations_links
    ADD CONSTRAINT products_localizations_links_fk FOREIGN KEY (product_id) REFERENCES public.products(id) ON DELETE CASCADE;


--
-- Name: products_localizations_links products_localizations_links_inv_fk; Type: FK CONSTRAINT; Schema: public; Owner: ttskanyan
--

ALTER TABLE ONLY public.products_localizations_links
    ADD CONSTRAINT products_localizations_links_inv_fk FOREIGN KEY (inv_product_id) REFERENCES public.products(id) ON DELETE CASCADE;


--
-- Name: products products_updated_by_id_fk; Type: FK CONSTRAINT; Schema: public; Owner: ttskanyan
--

ALTER TABLE ONLY public.products
    ADD CONSTRAINT products_updated_by_id_fk FOREIGN KEY (updated_by_id) REFERENCES public.admin_users(id) ON DELETE SET NULL;


--
-- Name: socials socials_created_by_id_fk; Type: FK CONSTRAINT; Schema: public; Owner: codeteam
--

ALTER TABLE ONLY public.socials
    ADD CONSTRAINT socials_created_by_id_fk FOREIGN KEY (created_by_id) REFERENCES public.admin_users(id) ON DELETE SET NULL;


--
-- Name: socials_components socials_entity_fk; Type: FK CONSTRAINT; Schema: public; Owner: codeteam
--

ALTER TABLE ONLY public.socials_components
    ADD CONSTRAINT socials_entity_fk FOREIGN KEY (entity_id) REFERENCES public.socials(id) ON DELETE CASCADE;


--
-- Name: socials socials_updated_by_id_fk; Type: FK CONSTRAINT; Schema: public; Owner: codeteam
--

ALTER TABLE ONLY public.socials
    ADD CONSTRAINT socials_updated_by_id_fk FOREIGN KEY (updated_by_id) REFERENCES public.admin_users(id) ON DELETE SET NULL;


--
-- Name: strapi_api_token_permissions strapi_api_token_permissions_created_by_id_fk; Type: FK CONSTRAINT; Schema: public; Owner: codeteam
--

ALTER TABLE ONLY public.strapi_api_token_permissions
    ADD CONSTRAINT strapi_api_token_permissions_created_by_id_fk FOREIGN KEY (created_by_id) REFERENCES public.admin_users(id) ON DELETE SET NULL;


--
-- Name: strapi_api_token_permissions_token_links strapi_api_token_permissions_token_links_fk; Type: FK CONSTRAINT; Schema: public; Owner: codeteam
--

ALTER TABLE ONLY public.strapi_api_token_permissions_token_links
    ADD CONSTRAINT strapi_api_token_permissions_token_links_fk FOREIGN KEY (api_token_permission_id) REFERENCES public.strapi_api_token_permissions(id) ON DELETE CASCADE;


--
-- Name: strapi_api_token_permissions_token_links strapi_api_token_permissions_token_links_inv_fk; Type: FK CONSTRAINT; Schema: public; Owner: codeteam
--

ALTER TABLE ONLY public.strapi_api_token_permissions_token_links
    ADD CONSTRAINT strapi_api_token_permissions_token_links_inv_fk FOREIGN KEY (api_token_id) REFERENCES public.strapi_api_tokens(id) ON DELETE CASCADE;


--
-- Name: strapi_api_token_permissions strapi_api_token_permissions_updated_by_id_fk; Type: FK CONSTRAINT; Schema: public; Owner: codeteam
--

ALTER TABLE ONLY public.strapi_api_token_permissions
    ADD CONSTRAINT strapi_api_token_permissions_updated_by_id_fk FOREIGN KEY (updated_by_id) REFERENCES public.admin_users(id) ON DELETE SET NULL;


--
-- Name: strapi_api_tokens strapi_api_tokens_created_by_id_fk; Type: FK CONSTRAINT; Schema: public; Owner: codeteam
--

ALTER TABLE ONLY public.strapi_api_tokens
    ADD CONSTRAINT strapi_api_tokens_created_by_id_fk FOREIGN KEY (created_by_id) REFERENCES public.admin_users(id) ON DELETE SET NULL;


--
-- Name: strapi_api_tokens strapi_api_tokens_updated_by_id_fk; Type: FK CONSTRAINT; Schema: public; Owner: codeteam
--

ALTER TABLE ONLY public.strapi_api_tokens
    ADD CONSTRAINT strapi_api_tokens_updated_by_id_fk FOREIGN KEY (updated_by_id) REFERENCES public.admin_users(id) ON DELETE SET NULL;


--
-- Name: strapi_transfer_token_permissions strapi_transfer_token_permissions_created_by_id_fk; Type: FK CONSTRAINT; Schema: public; Owner: codeteam
--

ALTER TABLE ONLY public.strapi_transfer_token_permissions
    ADD CONSTRAINT strapi_transfer_token_permissions_created_by_id_fk FOREIGN KEY (created_by_id) REFERENCES public.admin_users(id) ON DELETE SET NULL;


--
-- Name: strapi_transfer_token_permissions_token_links strapi_transfer_token_permissions_token_links_fk; Type: FK CONSTRAINT; Schema: public; Owner: codeteam
--

ALTER TABLE ONLY public.strapi_transfer_token_permissions_token_links
    ADD CONSTRAINT strapi_transfer_token_permissions_token_links_fk FOREIGN KEY (transfer_token_permission_id) REFERENCES public.strapi_transfer_token_permissions(id) ON DELETE CASCADE;


--
-- Name: strapi_transfer_token_permissions_token_links strapi_transfer_token_permissions_token_links_inv_fk; Type: FK CONSTRAINT; Schema: public; Owner: codeteam
--

ALTER TABLE ONLY public.strapi_transfer_token_permissions_token_links
    ADD CONSTRAINT strapi_transfer_token_permissions_token_links_inv_fk FOREIGN KEY (transfer_token_id) REFERENCES public.strapi_transfer_tokens(id) ON DELETE CASCADE;


--
-- Name: strapi_transfer_token_permissions strapi_transfer_token_permissions_updated_by_id_fk; Type: FK CONSTRAINT; Schema: public; Owner: codeteam
--

ALTER TABLE ONLY public.strapi_transfer_token_permissions
    ADD CONSTRAINT strapi_transfer_token_permissions_updated_by_id_fk FOREIGN KEY (updated_by_id) REFERENCES public.admin_users(id) ON DELETE SET NULL;


--
-- Name: strapi_transfer_tokens strapi_transfer_tokens_created_by_id_fk; Type: FK CONSTRAINT; Schema: public; Owner: codeteam
--

ALTER TABLE ONLY public.strapi_transfer_tokens
    ADD CONSTRAINT strapi_transfer_tokens_created_by_id_fk FOREIGN KEY (created_by_id) REFERENCES public.admin_users(id) ON DELETE SET NULL;


--
-- Name: strapi_transfer_tokens strapi_transfer_tokens_updated_by_id_fk; Type: FK CONSTRAINT; Schema: public; Owner: codeteam
--

ALTER TABLE ONLY public.strapi_transfer_tokens
    ADD CONSTRAINT strapi_transfer_tokens_updated_by_id_fk FOREIGN KEY (updated_by_id) REFERENCES public.admin_users(id) ON DELETE SET NULL;


--
-- Name: up_permissions up_permissions_created_by_id_fk; Type: FK CONSTRAINT; Schema: public; Owner: codeteam
--

ALTER TABLE ONLY public.up_permissions
    ADD CONSTRAINT up_permissions_created_by_id_fk FOREIGN KEY (created_by_id) REFERENCES public.admin_users(id) ON DELETE SET NULL;


--
-- Name: up_permissions_role_links up_permissions_role_links_fk; Type: FK CONSTRAINT; Schema: public; Owner: codeteam
--

ALTER TABLE ONLY public.up_permissions_role_links
    ADD CONSTRAINT up_permissions_role_links_fk FOREIGN KEY (permission_id) REFERENCES public.up_permissions(id) ON DELETE CASCADE;


--
-- Name: up_permissions_role_links up_permissions_role_links_inv_fk; Type: FK CONSTRAINT; Schema: public; Owner: codeteam
--

ALTER TABLE ONLY public.up_permissions_role_links
    ADD CONSTRAINT up_permissions_role_links_inv_fk FOREIGN KEY (role_id) REFERENCES public.up_roles(id) ON DELETE CASCADE;


--
-- Name: up_permissions up_permissions_updated_by_id_fk; Type: FK CONSTRAINT; Schema: public; Owner: codeteam
--

ALTER TABLE ONLY public.up_permissions
    ADD CONSTRAINT up_permissions_updated_by_id_fk FOREIGN KEY (updated_by_id) REFERENCES public.admin_users(id) ON DELETE SET NULL;


--
-- Name: up_roles up_roles_created_by_id_fk; Type: FK CONSTRAINT; Schema: public; Owner: codeteam
--

ALTER TABLE ONLY public.up_roles
    ADD CONSTRAINT up_roles_created_by_id_fk FOREIGN KEY (created_by_id) REFERENCES public.admin_users(id) ON DELETE SET NULL;


--
-- Name: up_roles up_roles_updated_by_id_fk; Type: FK CONSTRAINT; Schema: public; Owner: codeteam
--

ALTER TABLE ONLY public.up_roles
    ADD CONSTRAINT up_roles_updated_by_id_fk FOREIGN KEY (updated_by_id) REFERENCES public.admin_users(id) ON DELETE SET NULL;


--
-- Name: up_users up_users_created_by_id_fk; Type: FK CONSTRAINT; Schema: public; Owner: codeteam
--

ALTER TABLE ONLY public.up_users
    ADD CONSTRAINT up_users_created_by_id_fk FOREIGN KEY (created_by_id) REFERENCES public.admin_users(id) ON DELETE SET NULL;


--
-- Name: up_users_role_links up_users_role_links_fk; Type: FK CONSTRAINT; Schema: public; Owner: codeteam
--

ALTER TABLE ONLY public.up_users_role_links
    ADD CONSTRAINT up_users_role_links_fk FOREIGN KEY (user_id) REFERENCES public.up_users(id) ON DELETE CASCADE;


--
-- Name: up_users_role_links up_users_role_links_inv_fk; Type: FK CONSTRAINT; Schema: public; Owner: codeteam
--

ALTER TABLE ONLY public.up_users_role_links
    ADD CONSTRAINT up_users_role_links_inv_fk FOREIGN KEY (role_id) REFERENCES public.up_roles(id) ON DELETE CASCADE;


--
-- Name: up_users up_users_updated_by_id_fk; Type: FK CONSTRAINT; Schema: public; Owner: codeteam
--

ALTER TABLE ONLY public.up_users
    ADD CONSTRAINT up_users_updated_by_id_fk FOREIGN KEY (updated_by_id) REFERENCES public.admin_users(id) ON DELETE SET NULL;


--
-- Name: upload_folders upload_folders_created_by_id_fk; Type: FK CONSTRAINT; Schema: public; Owner: codeteam
--

ALTER TABLE ONLY public.upload_folders
    ADD CONSTRAINT upload_folders_created_by_id_fk FOREIGN KEY (created_by_id) REFERENCES public.admin_users(id) ON DELETE SET NULL;


--
-- Name: upload_folders_parent_links upload_folders_parent_links_fk; Type: FK CONSTRAINT; Schema: public; Owner: codeteam
--

ALTER TABLE ONLY public.upload_folders_parent_links
    ADD CONSTRAINT upload_folders_parent_links_fk FOREIGN KEY (folder_id) REFERENCES public.upload_folders(id) ON DELETE CASCADE;


--
-- Name: upload_folders_parent_links upload_folders_parent_links_inv_fk; Type: FK CONSTRAINT; Schema: public; Owner: codeteam
--

ALTER TABLE ONLY public.upload_folders_parent_links
    ADD CONSTRAINT upload_folders_parent_links_inv_fk FOREIGN KEY (inv_folder_id) REFERENCES public.upload_folders(id) ON DELETE CASCADE;


--
-- Name: upload_folders upload_folders_updated_by_id_fk; Type: FK CONSTRAINT; Schema: public; Owner: codeteam
--

ALTER TABLE ONLY public.upload_folders
    ADD CONSTRAINT upload_folders_updated_by_id_fk FOREIGN KEY (updated_by_id) REFERENCES public.admin_users(id) ON DELETE SET NULL;


--
-- Name: working_times working_times_created_by_id_fk; Type: FK CONSTRAINT; Schema: public; Owner: codeteam
--

ALTER TABLE ONLY public.working_times
    ADD CONSTRAINT working_times_created_by_id_fk FOREIGN KEY (created_by_id) REFERENCES public.admin_users(id) ON DELETE SET NULL;


--
-- Name: working_times_components working_times_entity_fk; Type: FK CONSTRAINT; Schema: public; Owner: codeteam
--

ALTER TABLE ONLY public.working_times_components
    ADD CONSTRAINT working_times_entity_fk FOREIGN KEY (entity_id) REFERENCES public.working_times(id) ON DELETE CASCADE;


--
-- Name: working_times working_times_updated_by_id_fk; Type: FK CONSTRAINT; Schema: public; Owner: codeteam
--

ALTER TABLE ONLY public.working_times
    ADD CONSTRAINT working_times_updated_by_id_fk FOREIGN KEY (updated_by_id) REFERENCES public.admin_users(id) ON DELETE SET NULL;


--
-- PostgreSQL database dump complete
--

